,DATE,COUNTRY,TRANSACTIONS,ARRIVALS,LHR_arrivals,non_LHR_arrivals,premium_economy_and_above_arrivals,business_and_above_arrivals,first_arrivals,transactions_non_target,transactions_target,transactions_bronze_and_above,transactions_gold_and_above,transactions_black_and_above,transactions_platinum_and_above,transactions_elite_and_above,USDGBP,EURGBP,CNYGBP,AEDGBP,INRGBP,JPYGBP 
0,31/01/2022,EU,465,22568,4396,18172,632,384,14,73,392,302,224,157,44,6,0.7462,0.83224,0.117324,0.2032,0.009929,0.006474
1,31/01/2022,Greater China,764,84,84,0,13,9,0,98,666,603,510,352,154,45,0.7462,0.83224,0.117324,0.2032,0.009929,0.006474
2,31/01/2022,Middle East - GCC,901,1463,1330,133,482,263,29,120,781,704,564,429,140,47,0.7462,0.83224,0.117324,0.2032,0.009929,0.006474
3,31/01/2022,North America,430,4189,3903,286,929,602,54,133,297,253,175,125,35,19,0.7462,0.83224,0.117324,0.2032,0.009929,0.006474
4,31/01/2022,RO APAC,323,2945,2375,570,686,484,35,57,266,230,186,118,59,27,0.7462,0.83224,0.117324,0.2032,0.009929,0.006474
5,07/02/2022,EU,1776,106115,21193,84922,2617,1776,146,340,1436,1049,728,538,127,12,0.7392,0.84615,0.11621,0.2013,0.009889,0.006416
6,07/02/2022,Greater China,3041,254,247,7,49,28,0,409,2632,2416,1833,1273,565,120,0.7392,0.84615,0.11621,0.2013,0.009889,0.006416
7,07/02/2022,Middle East - GCC,4314,7231,6682,549,1826,1015,138,607,3707,3357,2600,1906,706,248,0.7392,0.84615,0.11621,0.2013,0.009889,0.006416
8,07/02/2022,North America,1429,18009,16906,1103,4185,2618,202,402,1027,636,410,251,53,10,0.7392,0.84615,0.11621,0.2013,0.009889,0.006416
9,07/02/2022,RO APAC,1151,11765,9570,2195,2423,1682,93,187,964,854,624,400,156,39,0.7392,0.84615,0.11621,0.2013,0.009889,0.006416
10,14/02/2022,EU,1921,128537,25459,103078,2770,1831,167,375,1546,1176,805,585,187,35,0.7374,0.83698,0.116023,0.2007,0.009772,0.006388
11,14/02/2022,Greater China,3688,209,205,4,63,28,0,429,3259,3091,2394,1733,786,206,0.7374,0.83698,0.116023,0.2007,0.009772,0.006388
12,14/02/2022,Middle East - GCC,4453,8159,7528,631,1755,1285,187,523,3930,3543,2842,1969,708,246,0.7374,0.83698,0.116023,0.2007,0.009772,0.006388
13,14/02/2022,North America,1563,20095,18884,1211,4298,2526,166,471,1092,697,469,306,76,3,0.7374,0.83698,0.116023,0.2007,0.009772,0.006388
14,14/02/2022,RO APAC,1347,13918,10661,3257,2579,1796,104,171,1176,1043,791,557,215,73,0.7374,0.83698,0.116023,0.2007,0.009772,0.006388
15,21/02/2022,EU,1841,123623,22900,100723,3723,1992,188,402,1439,1044,701,464,127,17,0.7359,0.83326,0.116322,0.2004,0.009845,0.006396
16,21/02/2022,Greater China,3032,281,278,3,59,32,5,355,2677,2546,1981,1464,674,192,0.7359,0.83326,0.116322,0.2004,0.009845,0.006396
17,21/02/2022,Middle East - GCC,5051,7561,7203,358,2572,1542,197,685,4366,3888,2965,2080,954,257,0.7359,0.83326,0.116322,0.2004,0.009845,0.006396
18,21/02/2022,North America,1505,25137,23530,1607,6548,3850,200,459,1046,636,430,249,62,14,0.7359,0.83326,0.116322,0.2004,0.009845,0.006396
19,21/02/2022,RO APAC,1471,13352,10476,2876,3438,2204,120,191,1280,1091,850,585,239,46,0.7359,0.83326,0.116322,0.2004,0.009845,0.006396
20,28/02/2022,EU,1862,136150,30800,105350,5020,2680,234,393,1469,1123,769,542,115,13,0.7455,0.84022,0.118012,0.203,0.009922,0.006453
21,28/02/2022,Greater China,3109,244,233,11,116,67,7,354,2755,2553,2077,1520,696,131,0.7455,0.84022,0.118012,0.203,0.009922,0.006453
22,28/02/2022,Middle East - GCC,5226,9597,9026,571,4276,2022,265,755,4471,3913,3014,2226,885,265,0.7455,0.84022,0.118012,0.203,0.009922,0.006453
23,28/02/2022,North America,1659,22500,21205,1295,6897,4268,223,465,1194,727,506,325,59,8,0.7455,0.84022,0.118012,0.203,0.009922,0.006453
24,28/02/2022,RO APAC,1477,13759,10686,3073,4089,2448,112,241,1236,1107,890,577,236,55,0.7455,0.84022,0.118012,0.203,0.009922,0.006453
25,07/03/2022,EU,1884,153316,39514,113802,4747,2856,256,439,1445,1055,784,557,127,11,0.7555,0.82595,0.119547,0.2057,0.009889,0.00658
26,07/03/2022,Greater China,3212,390,365,25,134,50,0,451,2761,2684,2028,1469,629,167,0.7555,0.82595,0.119547,0.2057,0.009889,0.00658
27,07/03/2022,Middle East - GCC,6843,8872,8274,598,2976,1941,294,988,5855,5036,4024,2995,1123,296,0.7555,0.82595,0.119547,0.2057,0.009889,0.00658
28,07/03/2022,North America,1687,32618,30881,1737,9151,5427,233,512,1175,716,460,298,61,12,0.7555,0.82595,0.119547,0.2057,0.009889,0.00658
29,07/03/2022,RO APAC,1433,16658,13462,3196,4734,2741,144,203,1230,1075,861,614,233,49,0.7555,0.82595,0.119547,0.2057,0.009889,0.00658
30,14/03/2022,EU,2099,157214,40868,116346,5266,3167,290,416,1683,1223,929,660,197,37,0.767,0.83703,0.120976,0.2088,0.009971,0.006538
31,14/03/2022,Greater China,3309,256,225,31,110,61,6,349,2960,2798,2197,1557,772,145,0.767,0.83703,0.120976,0.2088,0.009971,0.006538
32,14/03/2022,Middle East - GCC,7906,13918,13243,675,5415,2799,363,865,7041,6110,4897,3396,1366,328,0.767,0.83703,0.120976,0.2088,0.009971,0.006538
33,14/03/2022,North America,1923,45669,42812,2857,11755,6508,302,529,1394,869,557,362,115,53,0.767,0.83703,0.120976,0.2088,0.009971,0.006538
34,14/03/2022,RO APAC,1642,17688,14718,2970,4933,2980,169,285,1357,1172,961,651,287,56,0.767,0.83703,0.120976,0.2088,0.009971,0.006538
35,21/03/2022,EU,1751,151845,39460,112385,5279,3009,291,378,1373,951,711,476,149,18,0.7589,0.83861,0.119287,0.2066,0.010033,0.006369
36,21/03/2022,Greater China,3096,358,330,28,109,63,5,367,2729,2566,1912,1393,685,134,0.7589,0.83861,0.119287,0.2066,0.010033,0.006369
37,21/03/2022,Middle East - GCC,9864,10640,9806,834,3294,2236,283,1166,8698,7686,6258,4502,1625,535,0.7589,0.83861,0.119287,0.2066,0.010033,0.006369
38,21/03/2022,North America,1991,40350,37991,2359,10745,5922,316,605,1386,804,525,312,89,39,0.7589,0.83861,0.119287,0.2066,0.010033,0.006369
39,21/03/2022,RO APAC,1607,19576,16335,3241,5663,3312,147,225,1382,1187,933,656,248,28,0.7589,0.83861,0.119287,0.2066,0.010033,0.006369
40,28/03/2022,EU,2819,173296,42692,130604,5636,3049,325,903,1916,1457,1093,785,225,19,0.7586,0.83312,0.119158,0.2066,0.009938,0.006215
41,28/03/2022,Greater China,4228,375,359,16,145,68,3,531,3697,3425,2659,1910,867,205,0.7586,0.83312,0.119158,0.2066,0.009938,0.006215
42,28/03/2022,Middle East - GCC,10880,12612,11291,1321,3752,2098,258,1912,8968,7663,5951,4119,1601,430,0.7586,0.83312,0.119158,0.2066,0.009938,0.006215
43,28/03/2022,North America,3169,39169,37032,2137,10232,5962,285,1383,1786,1090,765,451,107,34,0.7586,0.83312,0.119158,0.2066,0.009938,0.006215
44,28/03/2022,RO APAC,2296,20630,15306,5324,5192,3224,160,433,1863,1538,1157,819,285,61,0.7586,0.83312,0.119158,0.2066,0.009938,0.006215
45,04/04/2022,EU,2252,225647,46838,178809,5229,2368,319,546,1706,1308,914,566,155,18,0.7625,0.84204,0.119841,0.2076,0.010024,0.006223
46,04/04/2022,Greater China,3091,554,515,39,238,91,5,374,2717,2490,1939,1398,676,161,0.7625,0.84204,0.119841,0.2076,0.010024,0.006223
47,04/04/2022,Middle East - GCC,5303,8410,7687,723,1563,992,101,670,4633,4033,3136,2195,884,271,0.7625,0.84204,0.119841,0.2076,0.010024,0.006223
48,04/04/2022,North America,2023,48862,46144,2718,11666,6502,318,633,1390,774,498,316,71,19,0.7625,0.84204,0.119841,0.2076,0.010024,0.006223
49,04/04/2022,RO APAC,1939,30444,19220,11224,5870,3597,188,327,1612,1383,995,748,303,40,0.7625,0.84204,0.119841,0.2076,0.010024,0.006223
50,11/04/2022,EU,2000,238210,59376,178834,7714,3301,414,442,1558,1101,851,599,156,26,0.7671,0.83482,0.120521,0.2089,0.010124,0.006172
51,11/04/2022,Greater China,3378,560,522,38,209,88,5,436,2942,2705,2072,1449,645,126,0.7671,0.83482,0.120521,0.2089,0.010124,0.006172
52,11/04/2022,Middle East - GCC,2247,7371,6834,537,1131,669,74,267,1980,1854,1500,1076,471,102,0.7671,0.83482,0.120521,0.2089,0.010124,0.006172
53,11/04/2022,North America,1727,54421,50991,3430,11456,5805,278,512,1215,717,522,325,61,11,0.7671,0.83482,0.120521,0.2089,0.010124,0.006172
54,11/04/2022,RO APAC,1961,37189,23924,13265,6898,4101,212,336,1625,1397,1055,803,366,57,0.7671,0.83482,0.120521,0.2089,0.010124,0.006172
55,18/04/2022,EU,1888,205079,57457,147622,7950,2877,311,494,1394,1053,743,550,163,8,0.7657,0.82784,0.120154,0.2084,0.010099,0.006055
56,18/04/2022,Greater China,3268,465,433,32,147,53,1,448,2820,2621,1976,1437,644,200,0.7657,0.82784,0.120154,0.2084,0.010099,0.006055
57,18/04/2022,Middle East - GCC,1716,5257,4889,368,1305,587,46,188,1528,1441,1168,778,336,135,0.7657,0.82784,0.120154,0.2084,0.010099,0.006055
58,18/04/2022,North America,1592,42728,39885,2843,9302,4542,221,499,1093,714,442,290,89,11,0.7657,0.82784,0.120154,0.2084,0.010099,0.006055
59,18/04/2022,RO APAC,2043,26425,16238,10187,6003,2928,146,436,1607,1307,886,598,256,31,0.7657,0.82784,0.120154,0.2084,0.010099,0.006055
60,25/04/2022,EU,2178,208569,53138,155431,8910,3564,414,460,1718,1235,953,640,216,48,0.7789,0.84111,0.119807,0.212,0.01015,0.006057
61,25/04/2022,Greater China,3116,512,480,32,183,75,1,361,2755,2618,2050,1426,673,168,0.7789,0.84111,0.119807,0.212,0.01015,0.006057
62,25/04/2022,Middle East - GCC,1863,6935,6524,411,2824,1247,79,231,1632,1553,1217,855,379,85,0.7789,0.84111,0.119807,0.212,0.01015,0.006057
63,25/04/2022,North America,1814,45182,42440,2742,14181,8059,299,624,1190,701,454,320,86,5,0.7789,0.84111,0.119807,0.212,0.01015,0.006057
64,25/04/2022,RO APAC,1650,25030,14598,10432,7537,3832,158,319,1331,1115,900,579,210,33,0.7789,0.84111,0.119807,0.212,0.01015,0.006057
65,02/05/2022,EU,2172,212789,53255,159534,7587,3198,343,532,1640,1176,838,554,132,21,0.7953,0.83878,0.120326,0.2165,0.010402,0.006128
66,02/05/2022,Greater China,2920,592,550,42,209,88,2,391,2529,2440,1849,1284,583,123,0.7953,0.83878,0.120326,0.2165,0.010402,0.006128
67,02/05/2022,Middle East - GCC,3125,19190,17773,1417,7065,2602,319,401,2724,2359,1836,1307,509,96,0.7953,0.83878,0.120326,0.2165,0.010402,0.006128
68,02/05/2022,North America,1817,50841,46698,4143,13302,7281,299,500,1317,884,609,373,103,9,0.7953,0.83878,0.120326,0.2165,0.010402,0.006128
69,02/05/2022,RO APAC,1728,34076,21637,12439,7860,4468,271,329,1399,1183,954,654,237,36,0.7953,0.83878,0.120326,0.2165,0.010402,0.006128
70,09/05/2022,EU,3283,220900,53823,167077,7314,3433,406,1144,2139,1605,1188,807,230,44,0.8102,0.85527,0.121584,0.2207,0.010553,0.006209
71,09/05/2022,Greater China,4760,493,445,48,206,112,1,622,4138,3858,2948,2058,958,220,0.8102,0.85527,0.121584,0.2207,0.010553,0.006209
72,09/05/2022,Middle East - GCC,9343,14037,13193,844,4709,2610,332,2451,6892,5766,4266,2839,981,210,0.8102,0.85527,0.121584,0.2207,0.010553,0.006209
73,09/05/2022,North America,3369,61200,54699,6501,16248,8789,337,1728,1641,1072,734,409,80,14,0.8102,0.85527,0.121584,0.2207,0.010553,0.006209
74,09/05/2022,RO APAC,2710,35297,23520,11777,7543,4907,288,756,1954,1675,1266,954,362,73,0.8102,0.85527,0.121584,0.2207,0.010553,0.006209
75,16/05/2022,EU,2184,219161,52216,166945,7338,3505,420,500,1684,1266,960,629,167,33,0.8155,0.84913,0.120115,0.2221,0.01055,0.00631
76,16/05/2022,Greater China,3267,604,549,55,211,117,1,418,2849,2719,2144,1556,660,148,0.8155,0.84913,0.120115,0.2221,0.01055,0.00631
77,16/05/2022,Middle East - GCC,6395,10693,10069,624,2734,2016,267,927,5468,4746,3550,2422,904,257,0.8155,0.84913,0.120115,0.2221,0.01055,0.00631
78,16/05/2022,North America,2026,66075,60312,5763,18432,10279,401,797,1229,731,486,296,64,15,0.8155,0.84913,0.120115,0.2221,0.01055,0.00631
79,16/05/2022,RO APAC,2247,36788,24940,11848,7772,5108,310,471,1776,1569,1148,785,373,83,0.8155,0.84913,0.120115,0.2221,0.01055,0.00631
80,23/05/2022,EU,2297,214031,50262,163769,7460,3317,520,448,1849,1440,1087,788,222,27,0.8004,0.84561,0.119595,0.2179,0.010345,0.006256
81,23/05/2022,Greater China,3256,584,528,56,201,123,3,389,2867,2721,2130,1540,770,135,0.8004,0.84561,0.119595,0.2179,0.010345,0.006256
82,23/05/2022,Middle East - GCC,5311,10597,10018,579,2838,2020,274,686,4625,3983,3036,2150,981,318,0.8004,0.84561,0.119595,0.2179,0.010345,0.006256
83,23/05/2022,North America,2129,70346,64501,5845,19119,10508,403,726,1403,922,556,319,50,5,0.8004,0.84561,0.119595,0.2179,0.010345,0.006256
84,23/05/2022,RO APAC,2195,37879,25336,12543,7733,5229,315,461,1734,1507,1115,786,303,64,0.8004,0.84561,0.119595,0.2179,0.010345,0.006256
85,30/05/2022,EU,2585,214823,52507,162316,7733,3439,308,581,2004,1487,1065,788,247,40,0.7918,0.84974,0.118185,0.2156,0.010202,0.00623
86,30/05/2022,Greater China,3111,792,722,70,325,153,1,394,2717,2610,2058,1377,739,185,0.7918,0.84974,0.118185,0.2156,0.010202,0.00623
87,30/05/2022,Middle East - GCC,5369,10048,9342,706,2479,1704,174,834,4535,3888,3009,2201,864,277,0.7918,0.84974,0.118185,0.2156,0.010202,0.00623
88,30/05/2022,North America,2097,78664,72184,6480,17907,9100,331,732,1365,874,570,409,95,55,0.7918,0.84974,0.118185,0.2156,0.010202,0.00623
89,30/05/2022,RO APAC,2302,40041,27306,12735,7745,4988,325,426,1876,1659,1284,878,405,106,0.7918,0.84974,0.118185,0.2156,0.010202,0.00623
90,06/06/2022,EU,1995,212517,45052,167465,9084,3148,295,518,1477,1141,853,656,146,39,0.8007,0.85826,0.120211,0.218,0.010293,0.00612
91,06/06/2022,Greater China,3344,1003,918,85,416,198,2,512,2832,2702,1977,1346,572,94,0.8007,0.85826,0.120211,0.218,0.010293,0.00612
92,06/06/2022,Middle East - GCC,4615,9572,9071,501,3427,1966,232,643,3972,3543,2746,1996,741,202,0.8007,0.85826,0.120211,0.218,0.010293,0.00612
93,06/06/2022,North America,2118,73492,67694,5798,20080,10987,397,720,1398,813,561,334,53,18,0.8007,0.85826,0.120211,0.218,0.010293,0.00612
94,06/06/2022,RO APAC,2492,43369,28040,15329,10106,5871,306,531,1961,1811,1391,1033,417,109,0.8007,0.85826,0.120211,0.218,0.010293,0.00612
95,13/06/2022,EU,2083,231261,53964,177297,10222,3906,476,462,1621,1246,909,617,176,25,0.812,0.85414,0.120999,0.221,0.010386,0.00604
96,13/06/2022,Greater China,3507,1029,945,84,398,203,12,536,2971,2856,2210,1502,737,188,0.812,0.85414,0.120999,0.221,0.010386,0.00604
97,13/06/2022,Middle East - GCC,4781,14368,13393,975,4773,2641,283,775,4006,3794,2963,2253,1003,304,0.812,0.85414,0.120999,0.221,0.010386,0.00604
98,13/06/2022,North America,2092,85747,79624,6123,24468,12999,454,641,1451,958,594,374,82,29,0.812,0.85414,0.120999,0.221,0.010386,0.00604
99,13/06/2022,RO APAC,2569,49779,34216,15563,12052,6929,407,568,2001,1859,1380,986,352,39,0.812,0.85414,0.120999,0.221,0.010386,0.00604
100,20/06/2022,EU,2159,231737,52356,179381,8760,3830,448,471,1688,1325,1043,732,268,33,0.8182,0.85847,0.121816,0.2228,0.010514,0.006061
101,20/06/2022,Greater China,4378,1482,1393,89,556,274,2,683,3695,3507,2688,1880,734,188,0.8182,0.85847,0.121816,0.2228,0.010514,0.006061
102,20/06/2022,Middle East - GCC,6095,18827,17740,1087,5628,2966,319,738,5357,4850,3815,2828,1100,347,0.8182,0.85847,0.121816,0.2228,0.010514,0.006061
103,20/06/2022,North America,2304,91314,84331,6983,24357,12921,467,859,1445,966,583,371,91,21,0.8182,0.85847,0.121816,0.2228,0.010514,0.006061
104,20/06/2022,RO APAC,3331,54380,38061,16319,12863,7029,456,618,2713,2409,1882,1375,509,64,0.8182,0.85847,0.121816,0.2228,0.010514,0.006061
105,27/06/2022,EU,2111,227873,51814,176059,10039,3958,379,465,1646,1261,945,648,197,49,0.8147,0.86001,0.121776,0.2218,0.010417,0.006026
106,27/06/2022,Greater China,3543,2090,1938,152,768,328,3,480,3063,2890,2177,1529,731,129,0.8147,0.86001,0.121776,0.2218,0.010417,0.006026
107,27/06/2022,Middle East - GCC,6816,20439,19427,1012,5899,3262,401,811,6005,5468,4367,3401,1395,417,0.8147,0.86001,0.121776,0.2218,0.010417,0.006026
108,27/06/2022,North America,2395,96729,89343,7386,26293,14281,464,819,1576,1136,710,382,73,20,0.8147,0.86001,0.121776,0.2218,0.010417,0.006026
109,27/06/2022,RO APAC,3229,59253,42960,16293,14608,7562,495,549,2680,2246,1693,1190,312,51,0.8147,0.86001,0.121776,0.2218,0.010417,0.006026
110,04/07/2022,EU,2550,243890,58776,185114,11953,4495,433,626,1924,1534,1119,842,219,55,0.8265,0.86165,0.123322,0.225,0.010541,0.006112
111,04/07/2022,Greater China,4685,2519,2281,238,924,359,2,722,3963,3748,2793,1869,830,160,0.8265,0.86165,0.123322,0.225,0.010541,0.006112
112,04/07/2022,Middle East - GCC,9138,30430,28343,2087,9936,4471,589,910,8228,7551,5987,4582,1862,465,0.8265,0.86165,0.123322,0.225,0.010541,0.006112
113,04/07/2022,North America,3062,102883,94270,8613,25112,12766,408,938,2124,1528,1015,641,136,18,0.8265,0.86165,0.123322,0.225,0.010541,0.006112
114,04/07/2022,RO APAC,4075,59259,42769,16490,14464,7458,541,615,3460,2944,2291,1575,526,192,0.8265,0.86165,0.123322,0.225,0.010541,0.006112
115,11/07/2022,EU,2672,244261,57982,186279,11117,3884,421,936,1736,1222,887,632,191,36,0.8309,0.84639,0.124123,0.2262,0.010487,0.006107
116,11/07/2022,Greater China,5594,2046,1901,145,780,291,3,1072,4522,4174,3107,2171,996,195,0.8309,0.84639,0.124123,0.2262,0.010487,0.006107
117,11/07/2022,Middle East - GCC,13330,37795,34318,3477,11687,5090,649,2108,11222,10130,7832,5808,2133,620,0.8309,0.84639,0.124123,0.2262,0.010487,0.006107
118,11/07/2022,North America,4700,93676,86526,7150,23629,13228,449,2444,2256,1569,971,620,111,15,0.8309,0.84639,0.124123,0.2262,0.010487,0.006107
119,11/07/2022,RO APAC,4736,61112,43738,17374,13477,7019,402,1162,3574,2999,2191,1509,503,117,0.8309,0.84639,0.124123,0.2262,0.010487,0.006107
120,18/07/2022,EU,1812,241305,60009,181296,10561,3450,261,519,1293,908,672,453,135,24,0.8426,0.85015,0.124687,0.2294,0.010596,0.006083
121,18/07/2022,Greater China,3897,1956,1834,122,710,282,0,657,3240,3004,2276,1612,650,140,0.8426,0.85015,0.124687,0.2294,0.010596,0.006083
122,18/07/2022,Middle East - GCC,14168,29077,27064,2013,8045,4632,516,1765,12403,11078,8622,6123,2062,531,0.8426,0.85015,0.124687,0.2294,0.010596,0.006083
123,18/07/2022,North America,3131,85126,78744,6382,21031,11759,368,1207,1924,1180,735,502,135,41,0.8426,0.85015,0.124687,0.2294,0.010596,0.006083
124,18/07/2022,RO APAC,3611,59544,41749,17795,12832,6842,377,795,2816,2363,1703,1074,360,81,0.8426,0.85015,0.124687,0.2294,0.010596,0.006083
125,25/07/2022,EU,2538,235331,56105,179226,8306,2847,229,1061,1477,1165,918,645,227,45,0.8334,0.85093,0.123348,0.2267,0.010489,0.006121
126,25/07/2022,Greater China,5176,1629,1559,70,489,188,4,1071,4105,3824,2889,2061,931,234,0.8334,0.85093,0.123348,0.2267,0.010489,0.006121
127,25/07/2022,Middle East - GCC,16408,25327,23761,1566,5507,3304,388,2525,13883,12735,10276,7362,2401,620,0.8334,0.85093,0.123348,0.2267,0.010489,0.006121
128,25/07/2022,North America,4272,80066,73458,6608,17321,9604,358,2211,2061,1168,747,459,99,1,0.8334,0.85093,0.123348,0.2267,0.010489,0.006121
129,25/07/2022,RO APAC,3940,55619,37858,17761,10634,5564,293,1142,2798,2301,1709,1139,402,88,0.8334,0.85093,0.123348,0.2267,0.010489,0.006121
130,01/08/2022,EU,1617,231333,54590,176743,7711,2775,234,418,1199,904,642,484,165,41,0.8216,0.83934,0.121742,0.2235,0.0104,0.006163
131,01/08/2022,Greater China,3299,1322,1234,88,400,178,7,514,2785,2643,1988,1302,644,152,0.8216,0.83934,0.121742,0.2235,0.0104,0.006163
132,01/08/2022,Middle East - GCC,13936,27238,25160,2078,5915,3152,288,1931,12005,11150,8831,6268,2309,618,0.8216,0.83934,0.121742,0.2235,0.0104,0.006163
133,01/08/2022,North America,2660,78146,71459,6687,15155,8218,319,1038,1622,1000,609,361,74,3,0.8216,0.83934,0.121742,0.2235,0.0104,0.006163
134,01/08/2022,RO APAC,2290,53206,35612,17594,9997,4774,270,512,1778,1503,977,698,282,43,0.8216,0.83934,0.121742,0.2235,0.0104,0.006163
135,08/08/2022,EU,1508,232000,53396,178604,6606,2451,211,383,1125,894,618,456,123,32,0.8283,0.84346,0.122523,0.2256,0.010484,0.006134
136,08/08/2022,Greater China,3332,1205,1135,70,338,153,1,530,2802,2621,2022,1542,756,135,0.8283,0.84346,0.122523,0.2256,0.010484,0.006134
137,08/08/2022,Middle East - GCC,13617,22802,20722,2080,5144,2870,257,1692,11925,11057,8776,6242,2356,624,0.8283,0.84346,0.122523,0.2256,0.010484,0.006134
138,08/08/2022,North America,2539,71135,64878,6257,14072,7360,279,995,1544,994,542,340,51,1,0.8283,0.84346,0.122523,0.2256,0.010484,0.006134
139,08/08/2022,RO APAC,2112,50947,33501,17446,9152,4635,204,479,1633,1384,1025,727,307,60,0.8283,0.84346,0.122523,0.2256,0.010484,0.006134
140,15/08/2022,EU,1679,222568,50200,172368,6423,2530,243,510,1169,899,666,480,139,15,0.8239,0.84543,0.12221,0.2244,0.010347,0.006173
141,15/08/2022,Greater China,3135,1158,1107,51,365,158,0,512,2623,2611,1982,1420,633,89,0.8239,0.84543,0.12221,0.2244,0.010347,0.006173
142,15/08/2022,Middle East - GCC,14655,19624,17763,1861,5696,2329,207,1806,12849,11803,9356,6904,2340,650,0.8239,0.84543,0.12221,0.2244,0.010347,0.006173
143,15/08/2022,North America,2567,65556,59006,6550,13485,7189,275,983,1584,1029,563,355,86,6,0.8239,0.84543,0.12221,0.2244,0.010347,0.006173
144,15/08/2022,RO APAC,1750,47707,31015,16692,9965,4672,217,433,1317,1176,825,612,256,70,0.8239,0.84543,0.12221,0.2244,0.010347,0.006173
145,22/08/2022,EU,1452,215731,47855,167876,6644,2545,192,452,1000,782,555,399,108,39,0.8454,0.84848,0.123999,0.2302,0.010596,0.006173
146,22/08/2022,Greater China,2957,1224,1179,45,432,195,14,458,2499,2436,1906,1390,601,92,0.8454,0.84848,0.123999,0.2302,0.010596,0.006173
147,22/08/2022,Middle East - GCC,12991,14942,13570,1372,5384,2077,180,1779,11212,10334,8187,6077,2061,519,0.8454,0.84848,0.123999,0.2302,0.010596,0.006173
148,22/08/2022,North America,2390,63324,56928,6396,13052,6655,247,892,1498,1036,574,345,84,10,0.8454,0.84848,0.123999,0.2302,0.010596,0.006173
149,22/08/2022,RO APAC,1675,42059,27370,14689,10325,4594,267,453,1222,1139,914,650,214,40,0.8454,0.84848,0.123999,0.2302,0.010596,0.006173
150,29/08/2022,EU,1639,199371,42333,157038,6961,2499,276,434,1205,907,714,462,117,24,0.8515,0.84851,0.123937,0.2319,0.010579,0.006189
151,29/08/2022,Greater China,3338,1792,1740,52,667,278,-2,552,2786,2689,2100,1465,617,122,0.8515,0.84851,0.123937,0.2319,0.010579,0.006189
152,29/08/2022,Middle East - GCC,12079,11085,10150,935,4143,1742,171,1621,10458,9778,7571,5635,2094,424,0.8515,0.84851,0.123937,0.2319,0.010579,0.006189
153,29/08/2022,North America,2014,56944,51174,5770,13503,7118,290,698,1316,982,612,422,91,34,0.8515,0.84851,0.123937,0.2319,0.010579,0.006189
154,29/08/2022,RO APAC,1531,35756,22558,13198,10720,5051,283,353,1178,1028,762,598,267,108,0.8515,0.84851,0.123937,0.2319,0.010579,0.006189
155,05/09/2022,EU,1690,196607,40011,156596,9722,3472,276,320,1370,1067,790,557,166,23,0.8689,0.8649,0.125904,0.2366,0.010848,0.006197
156,05/09/2022,Greater China,3802,2152,2060,92,836,268,4,587,3215,3087,2407,1766,785,130,0.8689,0.8649,0.125904,0.2366,0.010848,0.006197
157,05/09/2022,Middle East - GCC,9030,9174,8556,618,4261,2299,270,1011,8019,7416,5897,4411,1677,419,0.8689,0.8649,0.125904,0.2366,0.010848,0.006197
158,05/09/2022,North America,1786,66342,59934,6408,17356,8633,293,578,1208,870,572,365,76,13,0.8689,0.8649,0.125904,0.2366,0.010848,0.006197
159,05/09/2022,RO APAC,1794,38368,25601,12767,13343,6388,396,383,1411,1222,895,598,313,94,0.8689,0.8649,0.125904,0.2366,0.010848,0.006197
160,12/09/2022,EU,2084,203111,44282,158829,8782,3481,408,440,1644,1395,1007,666,211,36,0.8629,0.86666,0.124576,0.2349,0.010872,0.006053
161,12/09/2022,Greater China,3964,1967,1859,108,926,376,3,644,3320,3220,2509,1790,674,142,0.8629,0.86666,0.124576,0.2349,0.010872,0.006053
162,12/09/2022,Middle East - GCC,7460,10598,9622,976,4817,2463,282,796,6664,6253,4881,3613,1452,416,0.8629,0.86666,0.124576,0.2349,0.010872,0.006053
163,12/09/2022,North America,1620,76595,69072,7523,21486,11619,418,561,1059,756,507,330,85,18,0.8629,0.86666,0.124576,0.2349,0.010872,0.006053
164,12/09/2022,RO APAC,1911,47326,34105,13221,14853,6990,428,363,1548,1354,1022,691,255,41,0.8629,0.86666,0.124576,0.2349,0.010872,0.006053
165,19/09/2022,EU,1876,201574,42419,159155,9255,3490,318,369,1507,1164,852,563,154,30,0.8756,0.87683,0.125404,0.2384,0.01102,0.006126
166,19/09/2022,Greater China,3484,1850,1737,113,855,362,4,587,2897,2803,2193,1528,622,126,0.8756,0.87683,0.125404,0.2384,0.01102,0.006126
167,19/09/2022,Middle East - GCC,5697,12030,10907,1123,4929,2625,272,803,4894,4520,3632,2636,1172,349,0.8756,0.87683,0.125404,0.2384,0.01102,0.006126
168,19/09/2022,North America,1561,66552,60176,6376,17044,8930,305,426,1135,785,518,346,71,24,0.8756,0.87683,0.125404,0.2384,0.01102,0.006126
169,19/09/2022,RO APAC,1838,42219,31132,11087,12626,5745,353,437,1401,1280,995,754,292,47,0.8756,0.87683,0.125404,0.2384,0.01102,0.006126
170,26/09/2022,EU,2940,202638,46106,156532,10510,4038,442,924,2016,1712,1297,836,196,25,0.9209,0.89294,0.129212,0.2508,0.011147,0.006427
171,26/09/2022,Greater China,6562,1533,1414,119,746,316,9,1390,5172,5088,3925,2746,1221,293,0.9209,0.89294,0.129212,0.2508,0.011147,0.006427
172,26/09/2022,Middle East - GCC,9808,12018,10826,1192,4990,2622,279,1873,7935,7512,5978,4516,1884,590,0.9209,0.89294,0.129212,0.2508,0.011147,0.006427
173,26/09/2022,North America,2933,69426,62832,6594,18583,10046,364,1172,1761,1325,871,534,132,15,0.9209,0.89294,0.129212,0.2508,0.011147,0.006427
174,26/09/2022,RO APAC,3529,45244,33378,11866,13380,6369,369,990,2539,2249,1673,1233,488,78,0.9209,0.89294,0.129212,0.2508,0.011147,0.006427
175,03/10/2022,EU,2322,200712,46940,153772,9540,3600,289,507,1815,1463,1062,681,210,43,0.8953,0.87751,0.125825,0.2438,0.011127,0.006185
176,03/10/2022,Greater China,5065,1529,1431,98,604,292,4,857,4208,4071,3217,2257,892,197,0.8953,0.87751,0.125825,0.2438,0.011127,0.006185
177,03/10/2022,Middle East - GCC,7223,11971,11067,904,4112,2128,226,1065,6158,5772,4537,3441,1194,284,0.8953,0.87751,0.125825,0.2438,0.011127,0.006185
178,03/10/2022,North America,2130,72361,66076,6285,17994,9455,327,752,1378,1071,702,441,120,8,0.8953,0.87751,0.125825,0.2438,0.011127,0.006185
179,03/10/2022,RO APAC,2557,41324,29697,11627,10273,5258,288,598,1959,1692,1358,881,354,50,0.8953,0.87751,0.125825,0.2438,0.011127,0.006185
180,10/10/2022,EU,2381,209185,52090,157095,8689,3744,244,522,1859,1481,1113,695,189,9,0.9021,0.87855,0.126666,0.2454,0.010924,0.006206
181,10/10/2022,Greater China,4738,1576,1477,99,526,292,5,912,3826,3802,3006,2067,910,167,0.9021,0.87855,0.126666,0.2454,0.010924,0.006206
182,10/10/2022,Middle East - GCC,6551,10941,10284,657,2989,2019,240,859,5692,5367,4054,3018,1159,277,0.9021,0.87855,0.126666,0.2454,0.010924,0.006206
183,10/10/2022,North America,2020,77915,71075,6840,19459,10411,348,662,1358,1148,763,488,66,17,0.9021,0.87855,0.126666,0.2454,0.010924,0.006206
184,10/10/2022,RO APAC,2388,39631,28776,10855,8484,5045,266,477,1911,1679,1261,853,302,21,0.9021,0.87855,0.126666,0.2454,0.010924,0.006206
185,17/10/2022,EU,2352,203624,51735,151889,7512,3933,463,448,1904,1537,1183,695,168,20,0.8951,0.87021,0.124365,0.2435,0.010837,0.006012
186,17/10/2022,Greater China,4888,1755,1679,76,581,360,9,864,4024,3868,3087,2084,784,128,0.8951,0.87021,0.124365,0.2435,0.010837,0.006012
187,17/10/2022,Middle East - GCC,6966,13006,11851,1155,3134,2244,238,983,5983,5578,4332,3127,1279,299,0.8951,0.87021,0.124365,0.2435,0.010837,0.006012
188,17/10/2022,North America,1949,61311,56116,5195,16545,9066,286,660,1289,1003,604,355,85,22,0.8951,0.87021,0.124365,0.2435,0.010837,0.006012
189,17/10/2022,RO APAC,2249,35281,25674,9607,7441,4856,240,469,1780,1588,1217,844,307,53,0.8951,0.87021,0.124365,0.2435,0.010837,0.006012
190,24/10/2022,EU,2425,200989,50685,150304,7954,3735,361,555,1870,1543,1219,779,169,11,0.8847,0.8731,0.122396,0.241,0.010923,0.005994
191,24/10/2022,Greater China,5003,1697,1652,45,476,336,0,830,4173,3922,3191,2115,860,146,0.8847,0.8731,0.122396,0.241,0.010923,0.005994
192,24/10/2022,Middle East - GCC,7307,11144,10262,882,2546,1777,159,1117,6190,5757,4583,3255,1271,319,0.8847,0.8731,0.122396,0.241,0.010923,0.005994
193,24/10/2022,North America,1912,55282,50107,5175,13874,7224,275,591,1321,1111,770,488,108,15,0.8847,0.8731,0.122396,0.241,0.010923,0.005994
194,24/10/2022,RO APAC,2027,32278,23399,8879,6305,4004,178,435,1592,1329,1030,724,241,30,0.8847,0.8731,0.122396,0.241,0.010923,0.005994
195,31/10/2022,EU,3948,204753,62687,142066,12062,4573,249,1602,2346,1915,1403,939,259,17,0.861,0.85812,0.118708,0.2344,0.010495,0.005838
196,31/10/2022,Greater China,6007,1184,1139,45,368,247,4,1270,4737,4610,3607,2393,1031,187,0.861,0.85812,0.118708,0.2344,0.010495,0.005838
197,31/10/2022,Middle East - GCC,8166,7889,7245,644,2503,1589,161,1697,6469,6046,4599,3277,1245,262,0.861,0.85812,0.118708,0.2344,0.010495,0.005838
198,31/10/2022,North America,2482,43526,40051,3475,11690,6315,220,1056,1426,1193,749,472,100,5,0.861,0.85812,0.118708,0.2344,0.010495,0.005838
199,31/10/2022,RO APAC,2854,25249,18041,7208,5917,3624,160,768,2086,1795,1387,954,348,56,0.861,0.85812,0.118708,0.2344,0.010495,0.005838
200,07/11/2022,EU,2706,199288,64227,135061,6851,4032,197,724,1982,1534,1185,760,219,37,0.8788,0.87566,0.122349,0.2393,0.010836,0.005994
201,07/11/2022,Greater China,4457,2124,2033,91,514,373,1,833,3624,3560,2824,1950,800,131,0.8788,0.87566,0.122349,0.2393,0.010836,0.005994
202,07/11/2022,Middle East - GCC,6111,11371,10611,760,3157,2420,266,1016,5095,4906,3984,2670,953,222,0.8788,0.87566,0.122349,0.2393,0.010836,0.005994
203,07/11/2022,North America,1823,50892,47513,3379,14976,8310,285,558,1265,999,664,437,83,4,0.8788,0.87566,0.122349,0.2393,0.010836,0.005994
204,07/11/2022,RO APAC,1900,30757,24837,5920,6608,4178,161,363,1537,1346,1108,783,293,43,0.8788,0.87566,0.122349,0.2393,0.010836,0.005994
205,14/11/2022,EU,2544,185665,57923,127742,5722,3844,154,574,1970,1618,1138,787,195,16,0.8453,0.87462,0.119052,0.23,0.010522,0.006086
206,14/11/2022,Greater China,4456,1785,1726,59,471,317,4,722,3734,3602,2778,2005,805,132,0.8453,0.87462,0.119052,0.23,0.010522,0.006086
207,14/11/2022,Middle East - GCC,5734,9809,9093,716,2405,1973,193,876,4858,4613,3584,2345,901,192,0.8453,0.87462,0.119052,0.23,0.010522,0.006086
208,14/11/2022,North America,1860,53181,49276,3905,15001,8615,282,605,1255,1058,715,459,129,30,0.8453,0.87462,0.119052,0.23,0.010522,0.006086
209,14/11/2022,RO APAC,1935,29199,23725,5474,5847,4159,180,402,1533,1411,1104,765,327,37,0.8453,0.87462,0.119052,0.23,0.010522,0.006086
210,21/11/2022,EU,2607,185697,58715,126982,6105,4108,148,633,1974,1666,1187,807,159,17,0.841,0.86842,0.118113,0.2289,0.010283,0.005992
211,21/11/2022,Greater China,4434,1774,1726,48,440,288,3,704,3730,3679,2947,1945,791,168,0.841,0.86842,0.118113,0.2289,0.010283,0.005992
212,21/11/2022,Middle East - GCC,6344,13636,12578,1058,3321,2528,231,940,5404,5003,3993,2666,850,195,0.841,0.86842,0.118113,0.2289,0.010283,0.005992
213,21/11/2022,North America,1881,63162,58190,4972,14901,7510,301,651,1230,1037,662,405,124,10,0.841,0.86842,0.118113,0.2289,0.010283,0.005992
214,21/11/2022,RO APAC,1962,27992,22125,5867,5104,3484,200,415,1547,1397,1118,709,263,37,0.841,0.86842,0.118113,0.2289,0.010283,0.005992
215,28/11/2022,EU,4475,189047,62427,126620,6600,4415,87,1835,2640,2189,1596,1064,248,16,0.827,0.85989,0.115407,0.2252,0.010123,0.005942
216,28/11/2022,Greater China,6971,1470,1391,79,440,292,8,1649,5322,5176,4098,2587,1062,231,0.827,0.85989,0.115407,0.2252,0.010123,0.005942
217,28/11/2022,Middle East - GCC,10260,22682,21045,1637,4824,3472,430,2226,8034,7301,5576,3907,1333,293,0.827,0.85989,0.115407,0.2252,0.010123,0.005942
218,28/11/2022,North America,2964,49453,45211,4242,12721,7125,286,1284,1680,1327,878,458,93,2,0.827,0.85989,0.115407,0.2252,0.010123,0.005942
219,28/11/2022,RO APAC,2700,28399,22284,6115,5861,3940,168,829,1871,1695,1255,953,374,99,0.827,0.85989,0.115407,0.2252,0.010123,0.005942
220,05/12/2022,EU,3437,199016,66682,132334,7356,4825,57,954,2483,1968,1456,1007,246,6,0.8143,0.8573,0.115333,0.2215,0.010019,0.006057
221,05/12/2022,Greater China,4077,1646,1562,84,437,297,1,683,3394,3328,2667,1803,746,153,0.8143,0.8573,0.115333,0.2215,0.010019,0.006057
222,05/12/2022,Middle East - GCC,10275,16041,14639,1402,3651,2960,315,2028,8247,7588,5908,4061,1465,344,0.8143,0.8573,0.115333,0.2215,0.010019,0.006057
223,05/12/2022,North America,2148,50988,47377,3611,15880,9171,346,736,1412,1095,773,456,160,5,0.8143,0.8573,0.115333,0.2215,0.010019,0.006057
224,05/12/2022,RO APAC,1873,31038,24467,6571,6502,4084,218,455,1418,1295,1004,755,255,53,0.8143,0.8573,0.115333,0.2215,0.010019,0.006057
225,12/12/2022,EU,3855,189234,58174,131060,5855,3821,15,1223,2632,2185,1643,1085,331,29,0.8158,0.85922,0.117129,0.2219,0.009899,0.00597
226,12/12/2022,Greater China,5185,2100,1944,156,660,411,20,841,4344,4329,3516,2423,913,177,0.8158,0.85922,0.117129,0.2219,0.009899,0.00597
227,12/12/2022,Middle East - GCC,9400,15309,13523,1786,3430,2801,261,1275,8125,7393,5838,4035,1388,451,0.8158,0.85922,0.117129,0.2219,0.009899,0.00597
228,12/12/2022,North America,2643,48223,44571,3652,13139,7236,279,838,1805,1476,977,660,174,11,0.8158,0.85922,0.117129,0.2219,0.009899,0.00597
229,12/12/2022,RO APAC,2364,36613,29243,7370,7994,4518,244,487,1877,1685,1377,1003,366,99,0.8158,0.85922,0.117129,0.2219,0.009899,0.00597
230,19/12/2022,EU,3498,196652,50960,145692,4382,2973,23,1030,2468,2066,1503,1039,242,22,0.8232,0.87159,0.118133,0.2243,0.009903,0.006025
231,19/12/2022,Greater China,5095,4152,3803,349,1244,618,26,838,4257,4107,3282,2232,1040,204,0.8232,0.87159,0.118133,0.2243,0.009903,0.006025
232,19/12/2022,Middle East - GCC,9172,22192,19564,2628,4605,3493,382,1374,7798,7111,5711,4000,1505,391,0.8232,0.87159,0.118133,0.2243,0.009903,0.006025
233,19/12/2022,North America,2597,69127,63721,5406,17090,8699,271,813,1784,1514,1114,661,190,30,0.8232,0.87159,0.118133,0.2243,0.009903,0.006025
234,19/12/2022,RO APAC,2678,48737,39312,9425,11078,5486,285,635,2043,1838,1436,978,373,108,0.8232,0.87159,0.118133,0.2243,0.009903,0.006025
235,26/12/2022,EU,3198,200102,55693,144409,4533,2772,29,845,2353,1842,1176,758,193,39,0.8304,0.88111,0.118737,0.226,0.010008,0.006249
236,26/12/2022,Greater China,7994,3118,2728,390,777,401,18,1894,6100,5912,4489,2680,834,137,0.8304,0.88111,0.118737,0.226,0.010008,0.006249
237,26/12/2022,Middle East - GCC,11477,17984,16181,1803,3667,2832,284,1659,9818,8822,7071,4897,1803,407,0.8304,0.88111,0.118737,0.226,0.010008,0.006249
238,26/12/2022,North America,2892,67946,62676,5270,17003,9105,282,818,2074,1558,1042,605,185,31,0.8304,0.88111,0.118737,0.226,0.010008,0.006249
239,26/12/2022,RO APAC,3595,39802,32418,7384,8936,4822,240,851,2744,2414,1769,1153,436,126,0.8304,0.88111,0.118737,0.226,0.010008,0.006249
240,02/01/2023,EU,3975,169541,43070,126471,3999,2212,56,1775,2200,1708,1186,723,193,32,0.8276,0.88534,0.119815,0.2251,0.010029,0.006304
241,02/01/2023,Greater China,7430,1089,1022,67,308,146,11,2055,5375,5142,3792,2382,945,171,0.8276,0.88534,0.119815,0.2251,0.010029,0.006304
242,02/01/2023,Middle East - GCC,16292,10350,9268,1082,2393,1890,135,3125,13167,11766,9236,6263,2312,515,0.8276,0.88534,0.119815,0.2251,0.010029,0.006304
243,02/01/2023,North America,3462,45066,41100,3966,11033,5332,164,1561,1901,1482,955,492,153,1,0.8276,0.88534,0.119815,0.2251,0.010029,0.006304
244,02/01/2023,RO APAC,4380,21500,16287,5213,5208,2998,164,1636,2744,2375,1796,1059,320,51,0.8276,0.88534,0.119815,0.2251,0.010029,0.006304
245,09/01/2023,EU,2423,164618,37181,127437,3577,2298,13,641,1782,1433,1002,623,200,38,0.8269,0.88022,0.121103,0.2251,0.010016,0.00626
246,09/01/2023,Greater China,4623,2321,2273,48,734,298,9,980,3643,3704,3158,2024,804,140,0.8269,0.88022,0.121103,0.2251,0.010016,0.00626
247,09/01/2023,Middle East - GCC,9990,8518,6945,1573,2266,1903,178,1377,8613,7952,6323,4179,1390,369,0.8269,0.88022,0.121103,0.2251,0.010016,0.00626
248,09/01/2023,North America,2014,27221,23952,3269,8746,4949,146,712,1302,1142,811,503,180,13,0.8269,0.88022,0.121103,0.2251,0.010016,0.00626
249,09/01/2023,RO APAC,2662,18188,13267,4921,4737,3032,109,740,1922,1828,1390,892,346,42,0.8269,0.88022,0.121103,0.2251,0.010016,0.00626
250,16/01/2023,EU,3103,180082,48552,131530,4163,2780,10,923,2180,1735,1296,770,245,32,0.8178,0.88569,0.121986,0.2226,0.01011,0.006393
251,16/01/2023,Greater China,6124,2102,2022,80,765,451,13,1389,4735,4593,3750,2387,1103,197,0.8178,0.88569,0.121986,0.2226,0.01011,0.006393
252,16/01/2023,Middle East - GCC,7867,10119,8319,1800,2720,2256,222,1219,6648,6328,5161,3290,1001,206,0.8178,0.88569,0.121986,0.2226,0.01011,0.006393
253,16/01/2023,North America,2461,43328,39308,4020,10385,5814,169,882,1579,1404,1015,589,128,9,0.8178,0.88569,0.121986,0.2226,0.01011,0.006393
254,16/01/2023,RO APAC,2756,22983,17510,5473,5004,3567,127,819,1937,1793,1470,975,410,68,0.8178,0.88569,0.121986,0.2226,0.01011,0.006393
255,23/01/2023,EU,2231,181435,46562,134873,4420,2950,6,509,1722,1485,1116,736,165,9,0.8067,0.87564,0.118715,0.2196,0.009962,0.006226
256,23/01/2023,Greater China,4647,4424,4337,87,1157,674,18,871,3776,3744,3113,2022,842,104,0.8067,0.87564,0.118715,0.2196,0.009962,0.006226
257,23/01/2023,Middle East - GCC,6742,11851,9856,1995,2773,2274,201,898,5844,5440,4492,2711,907,180,0.8067,0.87564,0.118715,0.2196,0.009962,0.006226
258,23/01/2023,North America,1490,45008,41389,3619,10504,6325,227,495,995,924,646,325,87,8,0.8067,0.87564,0.118715,0.2196,0.009962,0.006226
259,23/01/2023,RO APAC,1562,24970,19171,5799,4726,3456,120,358,1204,1128,896,573,210,18,0.8067,0.87564,0.118715,0.2196,0.009962,0.006226
260,30/01/2023,EU,2134,182850,49700,133150,4492,3037,11,509,1625,1388,1057,748,192,19,0.8076,0.87743,0.118757,0.2196,0.009924,0.006212
261,30/01/2023,Greater China,4552,1971,1922,49,606,384,6,848,3704,3744,3156,1960,826,139,0.8076,0.87743,0.118757,0.2196,0.009924,0.006212
262,30/01/2023,Middle East - GCC,7148,10549,8777,1772,2260,1883,137,1029,6119,5547,4445,2631,743,202,0.8076,0.87743,0.118757,0.2196,0.009924,0.006212
263,30/01/2023,North America,1483,37319,34364,2955,9445,5921,162,360,1123,939,637,319,96,28,0.8076,0.87743,0.118757,0.2196,0.009924,0.006212
264,30/01/2023,RO APAC,1699,23189,17477,5712,4288,3244,118,365,1334,1189,979,655,248,66,0.8076,0.87743,0.118757,0.2196,0.009924,0.006212
265,06/02/2023,EU,2626,200269,53372,146897,5506,3586,10,501,2125,1801,1348,889,229,42,0.8295,0.89555,0.122041,0.2258,0.009977,0.006323
266,06/02/2023,Greater China,4481,2003,1959,44,743,479,8,723,3758,3771,3273,2085,840,138,0.8295,0.89555,0.122041,0.2258,0.009977,0.006323
267,06/02/2023,Middle East - GCC,6774,9301,7576,1725,2298,1994,230,1034,5740,5358,4375,2757,908,228,0.8295,0.89555,0.122041,0.2258,0.009977,0.006323
268,06/02/2023,North America,1469,38748,35648,3100,11075,6786,215,405,1064,912,630,345,117,24,0.8295,0.89555,0.122041,0.2258,0.009977,0.006323
269,06/02/2023,RO APAC,1629,25607,19211,6396,5139,3850,163,366,1263,1180,964,656,249,53,0.8295,0.89555,0.122041,0.2258,0.009977,0.006323
270,13/02/2023,EU,2416,217240,54550,162690,4721,3039,12,539,1877,1603,1238,838,215,13,0.8291,0.88531,0.121695,0.2258,0.010019,0.006309
271,13/02/2023,Greater China,4997,2100,2067,33,589,361,16,855,4142,4189,3594,2277,1003,200,0.8291,0.88531,0.121695,0.2258,0.010019,0.006309
272,13/02/2023,Middle East - GCC,6318,11262,9290,1972,2552,2147,179,741,5577,5196,4355,2795,1006,299,0.8291,0.88531,0.121695,0.2258,0.010019,0.006309
273,13/02/2023,North America,1445,39938,36744,3194,8996,5285,166,365,1080,948,654,385,102,7,0.8291,0.88531,0.121695,0.2258,0.010019,0.006309
274,13/02/2023,RO APAC,1857,26609,19092,7517,4317,3177,135,376,1481,1321,1133,681,252,48,0.8291,0.88531,0.121695,0.2258,0.010019,0.006309
275,20/02/2023,EU,2099,204955,47837,157118,5687,3263,14,505,1594,1351,1008,682,164,7,0.8308,0.88853,0.120901,0.2261,0.01006,0.00619
276,20/02/2023,Greater China,4597,1603,1562,41,533,364,12,757,3840,3872,3286,2189,916,188,0.8308,0.88853,0.120901,0.2261,0.01006,0.00619
277,20/02/2023,Middle East - GCC,6997,9210,7881,1329,2556,2202,257,956,6041,5778,4855,3263,1309,418,0.8308,0.88853,0.120901,0.2261,0.01006,0.00619
278,20/02/2023,North America,1591,44481,41095,3386,13047,7419,261,462,1129,998,726,409,78,1,0.8308,0.88853,0.120901,0.2261,0.01006,0.00619
279,20/02/2023,RO APAC,1945,23829,17326,6503,4380,3368,132,334,1611,1501,1245,790,318,73,0.8308,0.88853,0.120901,0.2261,0.01006,0.00619
280,27/02/2023,EU,2459,221511,59875,161636,5909,3836,12,540,1919,1627,1262,916,249,24,0.8373,0.88319,0.12032,0.228,0.010107,0.006136
281,27/02/2023,Greater China,4088,1649,1611,38,624,398,7,711,3377,3441,2934,1934,814,187,0.8373,0.88319,0.12032,0.228,0.010107,0.006136
282,27/02/2023,Middle East - GCC,7524,10679,9174,1505,3413,2917,376,1106,6418,6215,5233,3304,1262,437,0.8373,0.88319,0.12032,0.228,0.010107,0.006136
283,27/02/2023,North America,1539,41773,38848,2925,12693,7990,227,440,1099,938,651,325,79,10,0.8373,0.88319,0.12032,0.228,0.010107,0.006136
284,27/02/2023,RO APAC,1708,24578,17914,6664,5224,4049,163,321,1387,1312,1057,664,324,51,0.8373,0.88319,0.12032,0.228,0.010107,0.006136
285,06/03/2023,EU,2460,216031,57132,158899,5203,3471,9,580,1880,1677,1251,821,238,17,0.8308,0.88301,0.120252,0.2261,0.010171,0.006112
286,06/03/2023,Greater China,4370,2003,1961,42,676,461,12,727,3643,3756,3235,2142,824,204,0.8308,0.88301,0.120252,0.2261,0.010171,0.006112
287,06/03/2023,Middle East - GCC,8762,14253,12641,1612,3790,3160,404,1290,7472,7123,5952,3852,1382,415,0.8308,0.88301,0.120252,0.2261,0.010171,0.006112
288,06/03/2023,North America,1630,49313,46350,2963,14466,8644,226,467,1163,1015,734,390,97,21,0.8308,0.88301,0.120252,0.2261,0.010171,0.006112
289,06/03/2023,RO APAC,1771,27258,20058,7200,5370,4108,184,304,1467,1344,1114,705,309,48,0.8308,0.88301,0.120252,0.2261,0.010171,0.006112
290,13/03/2023,EU,2404,205465,52046,153419,5389,3480,16,460,1944,1741,1362,981,258,23,0.8313,0.88427,0.120136,0.2263,0.010119,0.006156
291,13/03/2023,Greater China,4491,2104,2063,41,656,423,19,742,3749,3815,3280,2109,972,196,0.8313,0.88427,0.120136,0.2263,0.010119,0.006156
292,13/03/2023,Middle East - GCC,10609,12910,11241,1669,3321,2871,309,1542,9067,8571,7102,4553,1583,347,0.8313,0.88427,0.120136,0.2263,0.010119,0.006156
293,13/03/2023,North America,1859,62131,58194,3937,18716,10276,232,528,1331,1208,828,446,114,7,0.8313,0.88427,0.120136,0.2263,0.010119,0.006156
294,13/03/2023,RO APAC,1927,26922,19832,7090,5416,4175,141,358,1569,1397,1121,737,292,42,0.8313,0.88427,0.120136,0.2263,0.010119,0.006156
295,20/03/2023,EU,2463,204219,54714,149505,5620,3470,6,479,1984,1743,1383,942,251,21,0.8215,0.87589,0.11919,0.2235,0.009932,0.006228
296,20/03/2023,Greater China,4141,2140,2082,58,767,514,6,662,3479,3570,3063,1958,846,147,0.8215,0.87589,0.11919,0.2235,0.009932,0.006228
297,20/03/2023,Middle East - GCC,8995,8506,7033,1473,1944,1619,193,1262,7733,7521,6099,3969,1440,392,0.8215,0.87589,0.11919,0.2235,0.009932,0.006228
298,20/03/2023,North America,1866,54024,51477,2547,16351,9274,192,524,1342,1141,838,429,100,2,0.8215,0.87589,0.11919,0.2235,0.009932,0.006228
299,20/03/2023,RO APAC,1935,27067,19551,7516,5705,4326,203,317,1618,1533,1285,801,252,34,0.8215,0.87589,0.11919,0.2235,0.009932,0.006228
300,27/03/2023,EU,2445,204108,52317,151791,5239,3289,22,518,1927,1724,1349,904,268,15,0.8175,0.87973,0.119046,0.2226,0.009928,0.006255
301,27/03/2023,Greater China,4349,2689,2599,90,838,513,24,714,3635,3741,3156,2027,901,158,0.8175,0.87973,0.119046,0.2226,0.009928,0.006255
302,27/03/2023,Middle East - GCC,3351,8973,7077,1896,1538,1214,94,407,2944,2922,2502,1569,607,215,0.8175,0.87973,0.119046,0.2226,0.009928,0.006255
303,27/03/2023,North America,1716,56378,53701,2677,16543,9529,204,543,1173,1024,754,464,116,11,0.8175,0.87973,0.119046,0.2226,0.009928,0.006255
304,27/03/2023,RO APAC,1624,30157,21201,8956,5781,4156,177,296,1328,1201,999,671,252,29,0.8175,0.87973,0.119046,0.2226,0.009928,0.006255
305,03/04/2023,EU,2394,257562,62596,194966,6039,3265,4,477,1917,1686,1276,862,220,15,0.8106,0.87902,0.117991,0.2208,0.009834,0.006107
306,03/04/2023,Greater China,4306,7250,6847,403,1441,790,18,715,3591,3630,3138,2000,913,196,0.8106,0.87902,0.117991,0.2208,0.009834,0.006107
307,03/04/2023,Middle East - GCC,2836,9181,6892,2289,1317,964,85,400,2436,2506,2168,1426,587,190,0.8106,0.87902,0.117991,0.2208,0.009834,0.006107
308,03/04/2023,North America,1812,75420,70961,4459,17733,9041,160,558,1254,1049,678,375,103,37,0.8106,0.87902,0.117991,0.2208,0.009834,0.006107
309,03/04/2023,RO APAC,1618,44699,27928,16771,5968,3933,144,282,1336,1207,991,677,262,53,0.8106,0.87902,0.117991,0.2208,0.009834,0.006107
310,10/04/2023,EU,2034,245923,63662,182261,6236,2915,6,476,1558,1309,988,636,170,7,0.8053,0.87819,0.11724,0.2192,0.009812,0.006094
311,10/04/2023,Greater China,4008,4131,3821,310,809,436,9,773,3235,3278,2711,1582,629,95,0.8053,0.87819,0.11724,0.2192,0.009812,0.006094
312,10/04/2023,Middle East - GCC,2089,6725,4885,1840,758,540,45,280,1809,1842,1597,1004,420,141,0.8053,0.87819,0.11724,0.2192,0.009812,0.006094
313,10/04/2023,North America,1450,67057,62828,4229,16408,7746,159,505,945,836,576,354,115,11,0.8053,0.87819,0.11724,0.2192,0.009812,0.006094
314,10/04/2023,RO APAC,1839,39809,25256,14553,5555,3747,171,389,1450,1333,1143,666,287,18,0.8053,0.87819,0.11724,0.2192,0.009812,0.006094
315,17/04/2023,EU,2040,240969,56439,184530,6171,3681,21,509,1531,1401,1017,662,180,10,0.8056,0.88551,0.11726,0.2194,0.009746,0.006021
316,17/04/2023,Greater China,4078,2963,2715,248,1004,694,14,733,3345,3392,2872,1793,835,150,0.8056,0.88551,0.11726,0.2194,0.009746,0.006021
317,17/04/2023,Middle East - GCC,2210,8319,6349,1970,1930,1555,135,301,1909,1961,1683,1136,488,186,0.8056,0.88551,0.11726,0.2194,0.009746,0.006021
318,17/04/2023,North America,1519,57940,53550,4390,19353,11254,258,451,1068,889,617,371,78,9,0.8056,0.88551,0.11726,0.2194,0.009746,0.006021
319,17/04/2023,RO APAC,1999,33961,19614,14347,6494,5024,217,484,1515,1396,1169,736,345,33,0.8056,0.88551,0.11726,0.2194,0.009746,0.006021
320,24/04/2023,EU,3302,255466,63749,191717,6591,4162,3,1174,2128,1841,1406,914,236,14,0.8044,0.88363,0.116621,0.2189,0.009816,0.005993
321,24/04/2023,Greater China,5245,3797,3474,323,1195,755,19,873,4372,4313,3702,2399,1136,246,0.8044,0.88363,0.116621,0.2189,0.009816,0.005993
322,24/04/2023,Middle East - GCC,5774,17705,15354,2351,4686,3681,377,1209,4565,4363,3577,2192,816,234,0.8044,0.88363,0.116621,0.2189,0.009816,0.005993
323,24/04/2023,North America,2564,72791,67822,4969,22243,12224,272,1149,1415,1247,884,480,99,22,0.8044,0.88363,0.116621,0.2189,0.009816,0.005993
324,24/04/2023,RO APAC,2701,41050,25889,15161,8027,5904,296,735,1966,1851,1526,921,338,45,0.8044,0.88363,0.116621,0.2189,0.009816,0.005993
325,01/05/2023,EU,2636,253808,65183,188625,6483,3868,13,647,1989,1738,1329,930,278,24,0.7957,0.87676,0.115012,0.2167,0.009714,0.005843
326,01/05/2023,Greater China,4724,5534,5014,520,1539,857,10,799,3925,4005,3424,2130,901,185,0.7957,0.87676,0.115012,0.2167,0.009714,0.005843
327,01/05/2023,Middle East - GCC,8108,11109,9012,2097,3088,2472,243,1373,6735,6256,5011,3191,1078,299,0.7957,0.87676,0.115012,0.2167,0.009714,0.005843
328,01/05/2023,North America,1906,64094,59345,4749,18207,9584,223,587,1319,1128,809,459,103,3,0.7957,0.87676,0.115012,0.2167,0.009714,0.005843
329,01/05/2023,RO APAC,1876,45052,29465,15587,8404,5888,258,484,1392,1336,1118,675,219,36,0.7957,0.87676,0.115012,0.2167,0.009714,0.005843
330,08/05/2023,EU,2513,258161,55415,202746,5123,3327,4,609,1904,1598,1170,854,237,30,0.7914,0.87252,0.114574,0.2156,0.0097,0.005872
331,08/05/2023,Greater China,4812,5126,4875,251,1275,795,18,1013,3799,3930,3329,2012,837,152,0.7914,0.87252,0.114574,0.2156,0.0097,0.005872
332,08/05/2023,Middle East - GCC,6206,11063,8994,2069,2727,2289,216,1196,5010,4883,3879,2518,900,295,0.7914,0.87252,0.114574,0.2156,0.0097,0.005872
333,08/05/2023,North America,2012,73489,67059,6430,20080,11005,254,733,1279,1203,851,507,139,12,0.7914,0.87252,0.114574,0.2156,0.0097,0.005872
334,08/05/2023,RO APAC,2244,45674,29431,16243,8600,6046,274,561,1683,1656,1361,898,286,58,0.7914,0.87252,0.114574,0.2156,0.0097,0.005872
335,15/05/2023,EU,2577,262236,60609,201627,6251,3853,6,665,1912,1710,1363,926,280,22,0.8027,0.87156,0.115436,0.2188,0.009732,0.005918
336,15/05/2023,Greater China,4853,5229,4921,308,1397,891,23,932,3921,4101,3579,2271,978,189,0.8027,0.87156,0.115436,0.2188,0.009732,0.005918
337,15/05/2023,Middle East - GCC,6026,12514,10204,2310,3618,3020,274,1133,4893,4639,3668,2568,865,245,0.8027,0.87156,0.115436,0.2188,0.009732,0.005918
338,15/05/2023,North America,1939,80901,73570,7331,23305,12582,231,742,1197,1093,770,399,110,20,0.8027,0.87156,0.115436,0.2188,0.009732,0.005918
339,15/05/2023,RO APAC,2046,48728,31703,17025,9660,6550,285,409,1637,1461,1223,855,413,83,0.8027,0.87156,0.115436,0.2188,0.009732,0.005918
340,22/05/2023,EU,2746,264127,62873,201254,7189,3797,12,534,2212,1979,1567,1136,348,21,0.8035,0.86812,0.114581,0.2188,0.009707,0.005827
341,22/05/2023,Greater China,4576,5914,5576,338,1601,963,20,830,3746,3779,3179,2119,907,102,0.8035,0.86812,0.114581,0.2188,0.009707,0.005827
342,22/05/2023,Middle East - GCC,6357,11718,9498,2220,3137,2661,256,1283,5074,4883,3997,2673,1089,226,0.8035,0.86812,0.114581,0.2188,0.009707,0.005827
343,22/05/2023,North America,2159,92441,83610,8831,26439,13899,241,785,1374,1295,938,495,115,21,0.8035,0.86812,0.114581,0.2188,0.009707,0.005827
344,22/05/2023,RO APAC,2158,50708,33181,17527,10317,7003,323,465,1693,1590,1354,959,401,111,0.8035,0.86812,0.114581,0.2188,0.009707,0.005827
345,29/05/2023,EU,3137,253378,57358,196020,6738,3496,5,990,2147,1941,1474,1009,256,32,0.8101,0.86865,0.114641,0.2206,0.009799,0.00576
346,29/05/2023,Greater China,6255,6308,5957,351,1581,945,15,1410,4845,4889,4170,2675,1215,180,0.8101,0.86865,0.114641,0.2206,0.009799,0.00576
347,29/05/2023,Middle East - GCC,7370,12621,10325,2296,2964,2361,238,1719,5651,5397,4368,2948,1119,326,0.8101,0.86865,0.114641,0.2206,0.009799,0.00576
348,29/05/2023,North America,2738,93873,83253,10620,24272,12417,193,1332,1406,1313,926,524,98,17,0.8101,0.86865,0.114641,0.2206,0.009799,0.00576
349,29/05/2023,RO APAC,3201,55780,36228,19552,10709,7047,364,930,2271,2169,1794,1275,540,42,0.8101,0.86865,0.114641,0.2206,0.009799,0.00576
350,05/06/2023,EU,2410,261174,54817,206357,6692,3573,-3,609,1801,1611,1202,807,209,15,0.803,0.86001,0.113133,0.2187,0.009717,0.005738
351,05/06/2023,Greater China,4880,5711,5404,307,1631,1083,19,931,3949,3906,3293,2044,940,149,0.803,0.86001,0.113133,0.2187,0.009717,0.005738
352,05/06/2023,Middle East - GCC,5690,11926,9450,2476,3313,2755,274,1043,4647,4461,3531,2281,806,249,0.803,0.86001,0.113133,0.2187,0.009717,0.005738
353,05/06/2023,North America,2130,77479,67847,9632,26054,14324,268,717,1413,1246,898,524,77,0,0.803,0.86001,0.113133,0.2187,0.009717,0.005738
354,05/06/2023,RO APAC,2685,56347,35781,20566,11958,8149,352,492,2193,2021,1591,1160,458,74,0.803,0.86001,0.113133,0.2187,0.009717,0.005738
355,12/06/2023,EU,2312,271227,57700,213527,6566,3790,6,596,1716,1624,1257,877,228,13,0.7954,0.85457,0.111481,0.2165,0.009632,0.005705
356,12/06/2023,Greater China,4598,6698,6276,422,2013,1286,30,891,3707,3747,3217,2074,999,177,0.7954,0.85457,0.111481,0.2165,0.009632,0.005705
357,12/06/2023,Middle East - GCC,5688,14617,12272,2345,3847,3042,285,961,4727,4618,3800,2532,1032,278,0.7954,0.85457,0.111481,0.2165,0.009632,0.005705
358,12/06/2023,North America,2083,83711,73403,10308,26827,14858,245,647,1436,1334,1029,574,94,16,0.7954,0.85457,0.111481,0.2165,0.009632,0.005705
359,12/06/2023,RO APAC,2840,60345,39670,20675,12754,8686,340,669,2171,2110,1806,1135,486,146,0.7954,0.85457,0.111481,0.2165,0.009632,0.005705
360,19/06/2023,EU,2564,272110,57264,214846,6292,3846,1,643,1921,1745,1361,971,291,41,0.7802,0.85324,0.109411,0.2123,0.009521,0.005497
361,19/06/2023,Greater China,4884,8014,7343,671,2505,1524,27,1013,3871,3917,3350,2103,934,149,0.7802,0.85324,0.109411,0.2123,0.009521,0.005497
362,19/06/2023,Middle East - GCC,6333,15237,12842,2395,4135,3339,362,1089,5244,5110,4218,2748,1035,318,0.7802,0.85324,0.109411,0.2123,0.009521,0.005497
363,19/06/2023,North America,2337,89348,78631,10717,28115,15715,227,811,1526,1379,978,512,134,27,0.7802,0.85324,0.109411,0.2123,0.009521,0.005497
364,19/06/2023,RO APAC,3632,62578,41997,20581,13411,8864,483,902,2730,2583,2097,1391,534,122,0.7802,0.85324,0.109411,0.2123,0.009521,0.005497
365,26/06/2023,EU,2489,273333,56905,216428,6740,4048,6,604,1885,1774,1413,1013,278,80,0.7866,0.85669,0.109536,0.2141,0.009586,0.005472
366,26/06/2023,Greater China,4942,9350,8514,836,2934,1806,24,1084,3858,3919,3280,2161,932,195,0.7866,0.85669,0.109536,0.2141,0.009586,0.005472
367,26/06/2023,Middle East - GCC,8384,25817,22274,3543,6748,5134,536,1241,7143,7026,5907,3974,1511,387,0.7866,0.85669,0.109536,0.2141,0.009586,0.005472
368,26/06/2023,North America,2508,92313,81473,10840,29356,16935,212,959,1549,1448,975,532,115,11,0.7866,0.85669,0.109536,0.2141,0.009586,0.005472
369,26/06/2023,RO APAC,3423,64052,43148,20904,13728,9221,382,804,2619,2568,2078,1322,423,88,0.7866,0.85669,0.109536,0.2141,0.009586,0.005472
370,03/07/2023,EU,2714,288627,61396,227231,7082,4212,-3,678,2036,1844,1447,940,198,40,0.7872,0.85927,0.108581,0.2144,0.009599,0.005458
371,03/07/2023,Greater China,5322,13402,12007,1395,3908,2227,45,1225,4097,4216,3561,2369,881,158,0.7872,0.85927,0.108581,0.2144,0.009599,0.005458
372,03/07/2023,Middle East - GCC,12411,22524,20134,2390,6047,4511,409,2099,10312,10041,8347,5599,1919,480,0.7872,0.85927,0.108581,0.2144,0.009599,0.005458
373,03/07/2023,North America,2721,96201,83098,13103,28472,15688,218,892,1829,1650,1165,663,175,53,0.7872,0.85927,0.108581,0.2144,0.009599,0.005458
374,03/07/2023,RO APAC,3800,63132,41606,21526,13155,8983,398,874,2926,2803,2241,1399,462,108,0.7872,0.85927,0.108581,0.2144,0.009599,0.005458
375,10/07/2023,EU,3425,304662,68564,236098,7791,4449,2,1148,2277,2036,1564,1059,354,73,0.7789,0.85416,0.107772,0.212,0.009412,0.005479
376,10/07/2023,Greater China,7579,16468,14565,1903,4412,2527,61,2263,5316,5300,4342,2754,1274,337,0.7789,0.85416,0.107772,0.212,0.009412,0.005479
377,10/07/2023,Middle East - GCC,13548,19013,17496,1517,5879,4306,419,2594,10954,10954,9126,6472,2358,512,0.7789,0.85416,0.107772,0.212,0.009412,0.005479
378,10/07/2023,North America,3611,90755,77565,13190,29032,16066,274,1550,2061,1988,1437,784,177,4,0.7789,0.85416,0.107772,0.212,0.009412,0.005479
379,10/07/2023,RO APAC,4575,63962,41417,22545,12734,8587,317,1382,3193,2960,2404,1519,506,76,0.7789,0.85416,0.107772,0.212,0.009412,0.005479
380,17/07/2023,EU,2414,294363,62954,231409,6665,4008,1,640,1774,1628,1276,807,206,13,0.7638,0.85752,0.106941,0.2079,0.009294,0.005503
381,17/07/2023,Greater China,5311,17823,15959,1864,4376,2549,33,1517,3794,3752,3037,1781,705,108,0.7638,0.85752,0.106941,0.2079,0.009294,0.005503
382,17/07/2023,Middle East - GCC,12258,19367,17817,1550,6173,4649,459,2057,10201,10144,8413,5884,2140,576,0.7638,0.85752,0.106941,0.2079,0.009294,0.005503
383,17/07/2023,North America,2722,82186,70828,11358,25314,14235,260,1009,1713,1699,1185,657,198,61,0.7638,0.85752,0.106941,0.2079,0.009294,0.005503
384,17/07/2023,RO APAC,3597,63839,40878,22961,11895,8050,292,969,2628,2536,2036,1196,353,49,0.7638,0.85752,0.106941,0.2079,0.009294,0.005503
385,24/07/2023,EU,2698,291040,61772,229268,5349,3132,4,1067,1631,1495,1209,785,222,60,0.778,0.86562,0.108236,0.2118,0.009499,0.005487
386,24/07/2023,Greater China,6731,18371,16479,1892,3890,2395,29,2309,4422,4666,3757,2354,933,139,0.778,0.86562,0.108236,0.2118,0.009499,0.005487
387,24/07/2023,Middle East - GCC,16101,19361,17879,1482,5821,4373,409,3462,12639,12887,10743,7543,2663,602,0.778,0.86562,0.108236,0.2118,0.009499,0.005487
388,24/07/2023,North America,3140,83148,71807,11341,21647,12160,192,1410,1730,1688,1204,573,113,5,0.778,0.86562,0.108236,0.2118,0.009499,0.005487
389,24/07/2023,RO APAC,4143,61737,38266,23471,10200,6755,225,1528,2615,2663,2024,1176,350,56,0.778,0.86562,0.108236,0.2118,0.009499,0.005487
390,31/07/2023,EU,2001,285000,58016,226984,5534,3100,6,477,1524,1353,1080,719,206,25,0.7781,0.85739,0.108864,0.2119,0.009461,0.005513
391,31/07/2023,Greater China,3947,17403,15420,1983,3585,2195,24,1075,2872,3061,2528,1519,674,132,0.7781,0.85739,0.108864,0.2119,0.009461,0.005513
392,31/07/2023,Middle East - GCC,13977,19683,18147,1536,5330,3846,300,2442,11535,11721,9782,6905,2450,619,0.7781,0.85739,0.108864,0.2119,0.009461,0.005513
393,31/07/2023,North America,1882,75760,65238,10522,18676,10448,175,652,1230,1144,810,357,73,5,0.7781,0.85739,0.108864,0.2119,0.009461,0.005513
394,31/07/2023,RO APAC,2174,59013,35666,23347,9222,5796,160,494,1680,1528,1258,694,272,57,0.7781,0.85739,0.108864,0.2119,0.009461,0.005513
395,07/08/2023,EU,1792,293654,59124,234530,5874,2992,6,485,1307,1152,893,594,160,5,0.7844,0.86339,0.109361,0.2136,0.009455,0.005533
396,07/08/2023,Greater China,3841,17223,15313,1910,3427,2044,46,1001,2840,2924,2442,1580,753,110,0.7844,0.86339,0.109361,0.2136,0.009455,0.005533
397,07/08/2023,Middle East - GCC,15275,22398,19945,2453,6171,4360,355,2311,12964,13002,11150,8005,2737,669,0.7844,0.86339,0.109361,0.2136,0.009455,0.005533
398,07/08/2023,North America,1847,77952,67707,10245,18908,10409,142,610,1237,1177,850,423,85,5,0.7844,0.86339,0.109361,0.2136,0.009455,0.005533
399,07/08/2023,RO APAC,2083,58665,34645,24020,9173,5662,191,533,1550,1474,1232,858,396,70,0.7844,0.86339,0.109361,0.2136,0.009455,0.005533
400,14/08/2023,EU,1630,282005,55742,226263,5734,2968,3,384,1246,1057,794,592,157,4,0.7876,0.8625,0.108816,0.2145,0.009503,0.005434
401,14/08/2023,Greater China,3579,13107,11639,1468,2766,1678,26,821,2758,2893,2406,1513,644,107,0.7876,0.8625,0.108816,0.2145,0.009503,0.005434
402,14/08/2023,Middle East - GCC,17176,17109,15621,1488,5186,3815,291,2516,14660,14504,12351,8614,3105,718,0.7876,0.8625,0.108816,0.2145,0.009503,0.005434
403,14/08/2023,North America,1675,74544,65085,9459,16954,9491,180,518,1157,1032,731,386,95,5,0.7876,0.8625,0.108816,0.2145,0.009503,0.005434
404,14/08/2023,RO APAC,1647,53702,31657,22045,8767,5661,173,381,1266,1176,972,706,393,169,0.7876,0.8625,0.108816,0.2145,0.009503,0.005434
405,21/08/2023,EU,1780,266675,51039,215636,5432,2750,6,487,1293,1154,892,602,176,27,0.7853,0.85381,0.1078,0.2138,0.009451,0.005401
406,21/08/2023,Greater China,3259,8160,7283,877,2027,1216,20,841,2418,2685,2134,1435,597,74,0.7853,0.85381,0.1078,0.2138,0.009451,0.005401
407,21/08/2023,Middle East - GCC,18123,13491,12432,1059,4272,3325,322,2572,15551,15375,13046,9182,3132,828,0.7853,0.85381,0.1078,0.2138,0.009451,0.005401
408,21/08/2023,North America,1761,71542,62080,9462,18158,10066,221,557,1204,1169,786,373,104,10,0.7853,0.85381,0.1078,0.2138,0.009451,0.005401
409,21/08/2023,RO APAC,1514,49261,28853,20408,8539,5998,209,382,1132,1107,930,622,247,89,0.7853,0.85381,0.1078,0.2138,0.009451,0.005401
410,28/08/2023,EU,1530,238570,45427,193143,4920,2481,7,458,1072,994,775,542,180,24,0.795,0.8582,0.109244,0.2164,0.009591,0.00543
411,28/08/2023,Greater China,3482,7129,6441,688,1985,1353,23,717,2765,3016,2489,1616,705,59,0.795,0.8582,0.109244,0.2164,0.009591,0.00543
412,28/08/2023,Middle East - GCC,16054,10221,9499,722,3295,2542,209,2435,13619,13666,11706,8274,3016,809,0.795,0.8582,0.109244,0.2164,0.009591,0.00543
413,28/08/2023,North America,1778,64275,56019,8256,17922,9558,253,556,1222,1217,784,479,113,38,0.795,0.8582,0.109244,0.2164,0.009591,0.00543
414,28/08/2023,RO APAC,1431,45069,26376,18693,8474,5891,207,322,1109,1068,868,551,235,108,0.795,0.8582,0.109244,0.2164,0.009591,0.00543
415,04/09/2023,EU,1965,238154,41636,196518,5652,3498,2,415,1550,1434,1160,846,254,19,0.7943,0.85605,0.109309,0.2163,0.00955,0.005432
416,04/09/2023,Greater China,3662,7387,6547,840,2259,1617,37,764,2898,3018,2506,1728,753,150,0.7943,0.85605,0.109309,0.2163,0.00955,0.005432
417,04/09/2023,Middle East - GCC,11664,9033,8295,738,3705,3079,232,1628,10036,10040,8540,6017,2352,703,0.7943,0.85605,0.109309,0.2163,0.00955,0.005432
418,04/09/2023,North America,1610,68874,60273,8601,22239,11834,225,558,1052,1033,665,425,125,19,0.7943,0.85605,0.109309,0.2163,0.00955,0.005432
419,04/09/2023,RO APAC,1695,47221,27946,19275,10826,7746,322,312,1383,1287,1034,664,264,74,0.7943,0.85605,0.109309,0.2163,0.00955,0.005432
420,11/09/2023,EU,2240,254543,54246,200297,6299,4019,17,506,1734,1682,1289,931,222,16,0.802,0.85821,0.109231,0.2184,0.009645,0.005427
421,11/09/2023,Greater China,3933,8717,8008,709,2496,1627,35,799,3134,3194,2701,1780,789,107,0.802,0.85821,0.109231,0.2184,0.009645,0.005427
422,11/09/2023,Middle East - GCC,10129,12204,11534,670,4538,3749,252,1440,8689,8343,7032,4840,1943,539,0.802,0.85821,0.109231,0.2184,0.009645,0.005427
423,11/09/2023,North America,1605,77051,67303,9748,27143,15323,343,588,1017,1035,746,482,104,17,0.802,0.85821,0.109231,0.2184,0.009645,0.005427
424,11/09/2023,RO APAC,2047,54529,34534,19995,12757,8983,373,444,1603,1636,1276,789,274,77,0.802,0.85821,0.109231,0.2184,0.009645,0.005427
425,18/09/2023,EU,2379,241795,51333,190462,6033,3957,8,530,1849,1778,1450,1006,309,29,0.8075,0.86072,0.110994,0.2199,0.009692,0.005462
426,18/09/2023,Greater China,4161,8628,7786,842,2682,1806,19,910,3251,3536,3025,1978,761,116,0.8075,0.86072,0.110994,0.2199,0.009692,0.005462
427,18/09/2023,Middle East - GCC,8784,12835,12128,707,4355,3448,322,1163,7621,7430,6308,4374,1544,422,0.8075,0.86072,0.110994,0.2199,0.009692,0.005462
428,18/09/2023,North America,1678,81326,71108,10218,25620,13770,276,601,1077,1044,752,472,129,31,0.8075,0.86072,0.110994,0.2199,0.009692,0.005462
429,18/09/2023,RO APAC,2325,55412,36369,19043,12016,8296,363,668,1657,1748,1459,942,373,170,0.8075,0.86072,0.110994,0.2199,0.009692,0.005462
430,25/09/2023,EU,2578,230982,50661,180321,5943,3829,1,600,1978,1898,1524,1023,253,25,0.817,0.86963,0.111928,0.2224,0.009827,0.005505
431,25/09/2023,Greater China,4575,8938,7985,953,2548,1710,32,971,3604,3843,3224,2178,815,143,0.817,0.86963,0.111928,0.2224,0.009827,0.005505
432,25/09/2023,Middle East - GCC,8902,13872,13120,752,4524,3671,341,1415,7487,7370,6109,4167,1653,459,0.817,0.86963,0.111928,0.2224,0.009827,0.005505
433,25/09/2023,North America,1842,73540,64742,8798,22577,12536,209,664,1178,1231,810,455,75,21,0.817,0.86963,0.111928,0.2224,0.009827,0.005505
434,25/09/2023,RO APAC,2254,50804,33239,17565,10486,7232,288,511,1743,1743,1434,831,239,40,0.817,0.86963,0.111928,0.2224,0.009827,0.005505
435,02/10/2023,EU,3091,244404,55739,188665,6521,3993,1,1011,2080,1950,1525,965,188,21,0.8197,0.86664,0.112314,0.2232,0.009874,0.005487
436,02/10/2023,Greater China,7029,11994,10730,1264,3238,2022,46,2092,4937,5326,4439,2926,1120,187,0.8197,0.86664,0.112314,0.2232,0.009874,0.005487
437,02/10/2023,Middle East - GCC,11131,12051,11416,635,3549,2878,265,2137,8994,8595,7095,4860,1707,426,0.8197,0.86664,0.112314,0.2232,0.009874,0.005487
438,02/10/2023,North America,2936,73647,65476,8171,22907,12828,204,1333,1603,1543,1035,521,98,17,0.8197,0.86664,0.112314,0.2232,0.009874,0.005487
439,02/10/2023,RO APAC,3059,47952,31165,16787,9509,6722,238,1113,1946,1952,1477,934,315,56,0.8197,0.86664,0.112314,0.2232,0.009874,0.005487
440,09/10/2023,EU,2559,272669,57801,214868,6072,4015,6,546,2013,1835,1388,1028,248,26,0.8172,0.86513,0.111975,0.2225,0.009888,0.005473
441,09/10/2023,Greater China,5359,7114,6288,826,1870,1204,26,1217,4142,4316,3558,2495,1041,187,0.8172,0.86513,0.111975,0.2225,0.009888,0.005473
442,09/10/2023,Middle East - GCC,7515,12367,10883,1484,3307,2783,244,1277,6238,6199,5044,3459,1180,266,0.8172,0.86513,0.111975,0.2225,0.009888,0.005473
443,09/10/2023,North America,2135,79032,71169,7863,23321,13097,293,689,1446,1359,959,520,89,25,0.8172,0.86513,0.111975,0.2225,0.009888,0.005473
444,09/10/2023,RO APAC,2067,44214,28627,15587,8461,6357,263,569,1498,1484,1201,806,253,39,0.8172,0.86513,0.111975,0.2225,0.009888,0.005473
445,16/10/2023,EU,2799,262759,61261,201498,6234,4301,-2,635,2164,1988,1598,1116,314,41,0.8235,0.8653,0.112701,0.2242,0.009873,0.005507
446,16/10/2023,Greater China,4644,6680,6052,628,1701,1062,24,897,3747,3848,3236,2217,832,163,0.8235,0.8653,0.112701,0.2242,0.009873,0.005507
447,16/10/2023,Middle East - GCC,7477,14391,12781,1610,3728,3150,245,1144,6333,6218,5143,3742,1352,285,0.8235,0.8653,0.112701,0.2242,0.009873,0.005507
448,16/10/2023,North America,1928,68786,62764,6022,20983,12022,233,607,1321,1211,868,550,185,37,0.8235,0.8653,0.112701,0.2242,0.009873,0.005507
449,16/10/2023,RO APAC,1988,39166,25657,13509,7320,5512,223,485,1503,1402,1146,738,275,64,0.8235,0.8653,0.112701,0.2242,0.009873,0.005507
450,23/10/2023,EU,2485,254946,61513,193433,5700,3709,2,555,1930,1768,1457,1029,297,51,0.8221,0.87102,0.112384,0.2239,0.009914,0.005486
451,23/10/2023,Greater China,4582,6829,6239,590,1572,963,14,981,3601,3739,3236,2171,878,153,0.8221,0.87102,0.112384,0.2239,0.009914,0.005486
452,23/10/2023,Middle East - GCC,7642,14950,13548,1402,3546,2895,274,1385,6257,6221,5018,3335,1278,271,0.8221,0.87102,0.112384,0.2239,0.009914,0.005486
453,23/10/2023,North America,2011,62514,57337,5177,16676,9677,231,671,1340,1225,879,536,157,19,0.8221,0.87102,0.112384,0.2239,0.009914,0.005486
454,23/10/2023,RO APAC,2032,36947,24113,12834,6143,4577,176,457,1575,1462,1224,906,350,47,0.8221,0.87102,0.112384,0.2239,0.009914,0.005486
455,30/10/2023,EU,4286,234263,63032,171231,6929,4116,14,1650,2636,2499,1879,1185,377,19,0.8249,0.87156,0.112752,0.2246,0.009894,0.005513
456,30/10/2023,Greater China,5938,4209,3938,271,1153,722,14,1602,4336,4539,3850,2740,1106,200,0.8249,0.87156,0.112752,0.2246,0.009894,0.005513
457,30/10/2023,Middle East - GCC,9706,10279,9031,1248,2642,2227,207,1807,7899,7445,5932,3800,1298,309,0.8249,0.87156,0.112752,0.2246,0.009894,0.005513
458,30/10/2023,North America,2474,44427,40867,3560,12733,7665,171,1015,1459,1335,957,549,111,2,0.8249,0.87156,0.112752,0.2246,0.009894,0.005513
459,30/10/2023,RO APAC,2744,28910,19505,9405,5402,4051,156,813,1931,1902,1556,1017,330,54,0.8249,0.87156,0.112752,0.2246,0.009894,0.005513
460,06/11/2023,EU,3212,234507,70480,164027,6001,4220,11,895,2317,2168,1623,1163,273,16,0.8077,0.86661,0.111017,0.2199,0.009698,0.005407
461,06/11/2023,Greater China,4258,4786,4209,577,1300,875,33,916,3342,3547,3048,2141,832,144,0.8077,0.86661,0.111017,0.2199,0.009698,0.005407
462,06/11/2023,Middle East - GCC,7003,12888,11587,1301,3917,3307,297,1079,5924,5770,4877,3179,1153,317,0.8077,0.86661,0.111017,0.2199,0.009698,0.005407
463,06/11/2023,North America,1753,45811,42030,3781,16165,9866,188,575,1178,1122,819,493,66,2,0.8077,0.86661,0.111017,0.2199,0.009698,0.005407
464,06/11/2023,RO APAC,1823,31246,23014,8232,6187,4604,147,443,1380,1322,1096,722,271,26,0.8077,0.86661,0.111017,0.2199,0.009698,0.005407
465,13/11/2023,EU,2823,232672,67332,165340,6066,4249,7,724,2099,1977,1578,1086,214,14,0.8178,0.87386,0.112259,0.2226,0.009824,0.005397
466,13/11/2023,Greater China,4349,4550,4053,497,1091,689,22,897,3452,3744,3216,2481,948,134,0.8178,0.87386,0.112259,0.2226,0.009824,0.005397
467,13/11/2023,Middle East - GCC,6781,14059,12487,1572,3581,3020,298,1047,5734,5442,4603,2993,1167,267,0.8178,0.87386,0.112259,0.2226,0.009824,0.005397
468,13/11/2023,North America,1843,52563,48789,3774,16762,10317,253,597,1246,1164,859,485,57,0,0.8178,0.87386,0.112259,0.2226,0.009824,0.005397
469,13/11/2023,RO APAC,1757,33057,24552,8505,6218,4467,149,402,1355,1288,1091,722,264,68,0.8178,0.87386,0.112259,0.2226,0.009824,0.005397
470,20/11/2023,EU,2985,228807,69183,159624,6099,4358,13,685,2300,2112,1663,1125,308,39,0.8025,0.87583,0.11123,0.2185,0.009675,0.005363
471,20/11/2023,Greater China,4534,4646,4084,562,1182,810,28,837,3697,3854,3365,2379,946,153,0.8025,0.87583,0.11123,0.2185,0.009675,0.005363
472,20/11/2023,Middle East - GCC,8076,25870,23441,2429,5809,4563,405,1374,6702,6355,5205,3485,1246,306,0.8025,0.87583,0.11123,0.2185,0.009675,0.005363
473,20/11/2023,North America,1985,62115,57951,4164,17142,9876,193,580,1405,1295,966,518,89,1,0.8025,0.87583,0.11123,0.2185,0.009675,0.005363
474,20/11/2023,RO APAC,1687,31692,23271,8421,6284,4732,163,443,1244,1237,1027,687,245,60,0.8025,0.87583,0.11123,0.2185,0.009675,0.005363
475,27/11/2023,EU,4865,215627,74807,140820,6460,4692,9,2001,2864,2689,2067,1456,377,34,0.7935,0.86779,0.110994,0.216,0.00954,0.00531
476,27/11/2023,Greater China,6984,4737,4195,542,1162,746,15,1766,5218,5477,4727,3266,1276,229,0.7935,0.86779,0.110994,0.216,0.00954,0.00531
477,27/11/2023,Middle East - GCC,13463,19782,18221,1561,4788,3797,361,3239,10224,9455,7395,4573,1596,284,0.7935,0.86779,0.110994,0.216,0.00954,0.00531
478,27/11/2023,North America,3174,51569,48385,3184,14510,8639,199,1407,1767,1740,1319,807,186,28,0.7935,0.86779,0.110994,0.216,0.00954,0.00531
479,27/11/2023,RO APAC,2867,29710,22446,7264,6246,4594,189,955,1912,1905,1528,1071,401,64,0.7935,0.86779,0.110994,0.216,0.00954,0.00531
480,04/12/2023,EU,3760,250058,76139,173919,7213,4976,16,990,2770,2489,1934,1304,303,25,0.7868,0.85639,0.110367,0.2142,0.009506,0.005359
481,04/12/2023,Greater China,4674,4557,3935,622,1071,743,20,881,3793,3983,3508,2478,1001,143,0.7868,0.85639,0.110367,0.2142,0.009506,0.005359
482,04/12/2023,Middle East - GCC,11179,18394,16472,1922,4853,3857,417,2178,9001,8647,6771,4403,1655,440,0.7868,0.85639,0.110367,0.2142,0.009506,0.005359
483,04/12/2023,North America,2111,50338,47000,3338,18039,11401,332,631,1480,1386,1071,699,157,9,0.7868,0.85639,0.110367,0.2142,0.009506,0.005359
484,04/12/2023,RO APAC,1886,31794,23325,8469,6429,4536,213,485,1401,1437,1161,759,242,51,0.7868,0.85639,0.110367,0.2142,0.009506,0.005359
485,11/12/2023,EU,4168,274315,83354,190961,7437,5658,3,1325,2843,2741,2176,1449,345,28,0.7969,0.85769,0.111136,0.217,0.009538,0.005497
486,11/12/2023,Greater China,4995,5794,4992,802,1235,821,26,992,4003,4334,3724,2587,994,130,0.7969,0.85769,0.111136,0.217,0.009538,0.005497
487,11/12/2023,Middle East - GCC,9815,16610,14261,2349,4677,3760,404,1722,8093,7852,6373,4356,1607,411,0.7969,0.85769,0.111136,0.217,0.009538,0.005497
488,11/12/2023,North America,2388,47688,44693,2995,15595,9606,233,748,1640,1555,1136,663,161,10,0.7969,0.85769,0.111136,0.217,0.009538,0.005497
489,11/12/2023,RO APAC,2144,35993,26965,9028,6772,4679,159,468,1676,1622,1407,978,330,90,0.7969,0.85769,0.111136,0.217,0.009538,0.005497
490,18/12/2023,EU,3958,263280,71446,191834,5404,4058,5,1054,2904,2768,2178,1519,395,49,0.7886,0.85929,0.110741,0.2148,0.009483,0.005548
491,18/12/2023,Greater China,5133,9354,8145,1209,2003,1172,27,1039,4094,4337,3709,2607,1123,132,0.7886,0.85929,0.110741,0.2148,0.009483,0.005548
492,18/12/2023,Middle East - GCC,10592,23318,20106,3212,6173,4720,494,1726,8866,8572,7171,5052,1949,579,0.7886,0.85929,0.110741,0.2148,0.009483,0.005548
493,18/12/2023,North America,2306,65747,61478,4269,18048,10223,224,687,1619,1493,1020,634,153,9,0.7886,0.85929,0.110741,0.2148,0.009483,0.005548
494,18/12/2023,RO APAC,2530,46158,35039,11119,8417,5807,259,637,1893,1950,1602,1053,394,96,0.7886,0.85929,0.110741,0.2148,0.009483,0.005548
495,25/12/2023,EU,3184,246531,66214,180317,5459,3209,2,780,2404,2263,1681,1126,251,29,0.7874,0.86699,0.110532,0.2145,0.009444,0.00553
496,25/12/2023,Greater China,5482,9916,8495,1421,2028,1170,48,1105,4377,4409,3674,2410,1132,155,0.7874,0.86699,0.110532,0.2145,0.009444,0.00553
497,25/12/2023,Middle East - GCC,12101,23594,20434,3160,5138,3873,346,2020,10081,9641,8111,5520,2216,631,0.7874,0.86699,0.110532,0.2145,0.009444,0.00553
498,25/12/2023,North America,2890,73532,68145,5387,21651,11552,208,892,1998,1958,1439,916,265,43,0.7874,0.86699,0.110532,0.2145,0.009444,0.00553
499,25/12/2023,RO APAC,2844,45083,34527,10556,8679,5872,204,733,2111,2003,1500,974,275,91,0.7874,0.86699,0.110532,0.2145,0.009444,0.00553
500,01/01/2024,EU,4358,253329,66514,186815,5531,2503,0,2122,2236,2090,1430,954,243,30,0.7855,0.86691,0.110626,0.2139,0.009445,0.005569
501,01/01/2024,Greater China,8974,4681,3858,823,646,380,11,2526,6448,6716,5558,3092,1163,129,0.7855,0.86691,0.110626,0.2139,0.009445,0.005569
502,01/01/2024,Middle East - GCC,22228,16823,15089,1734,3449,2830,221,4775,17453,16817,13160,9060,3130,900,0.7855,0.86691,0.110626,0.2139,0.009445,0.005569
503,01/01/2024,North America,3567,57273,53733,3540,13841,7628,170,1542,2025,1835,1244,744,177,29,0.7855,0.86691,0.110626,0.2139,0.009445,0.005569
504,01/01/2024,RO APAC,5106,30018,20731,9287,5038,3376,120,1935,3171,2988,2195,1294,357,84,0.7855,0.86691,0.110626,0.2139,0.009445,0.005569
505,08/01/2024,EU,2673,224145,41809,182336,3679,2209,8,803,1870,1840,1330,933,310,113,0.7862,0.86032,0.110006,0.214,0.009452,0.005436
506,08/01/2024,Greater China,4466,5662,5109,553,935,586,11,1003,3463,3797,3287,2486,1041,139,0.7862,0.86032,0.110006,0.214,0.009452,0.005436
507,08/01/2024,Middle East - GCC,14738,10319,8967,1352,2632,2302,219,2654,12084,12305,9623,6851,2304,606,0.7862,0.86032,0.110006,0.214,0.009452,0.005436
508,08/01/2024,North America,1884,31326,27423,3903,8358,5078,166,717,1167,1274,884,516,148,8,0.7862,0.86032,0.110006,0.214,0.009452,0.005436
509,08/01/2024,RO APAC,2650,24574,15775,8799,3935,3017,130,626,2024,2051,1651,1188,507,95,0.7862,0.86032,0.110006,0.214,0.009452,0.005436
510,15/01/2024,EU,2538,220029,51590,168439,3732,2919,12,613,1925,1947,1527,1124,263,40,0.7841,0.85886,0.109417,0.2136,0.009441,0.005412
511,15/01/2024,Greater China,4945,6379,5586,793,1327,742,11,1071,3874,4259,3540,2725,1171,155,0.7841,0.85886,0.109417,0.2136,0.009441,0.005412
512,15/01/2024,Middle East - GCC,8830,12686,11444,1242,2984,2441,211,1193,7637,7853,6460,4767,1689,386,0.7841,0.85886,0.109417,0.2136,0.009441,0.005412
513,15/01/2024,North America,1962,46334,42205,4129,11410,6716,174,453,1509,1439,1079,712,145,15,0.7841,0.85886,0.109417,0.2136,0.009441,0.005412
514,15/01/2024,RO APAC,1784,29096,20006,9090,5177,3737,135,393,1391,1432,1194,918,361,58,0.7841,0.85886,0.109417,0.2136,0.009441,0.005412
515,22/01/2024,EU,2375,215058,56081,158977,4222,3191,2,554,1821,1842,1418,1125,283,27,0.7872,0.85784,0.109431,0.2144,0.009498,0.005314
516,22/01/2024,Greater China,4057,9042,7732,1310,1175,690,19,845,3212,3565,3064,2314,946,122,0.7872,0.85784,0.109431,0.2144,0.009498,0.005314
517,22/01/2024,Middle East - GCC,7021,15035,13526,1509,3507,2824,301,1053,5968,6171,5233,3984,1378,335,0.7872,0.85784,0.109431,0.2144,0.009498,0.005314
518,22/01/2024,North America,1551,44933,41333,3600,11887,7426,205,371,1180,1189,907,562,131,18,0.7872,0.85784,0.109431,0.2144,0.009498,0.005314
519,22/01/2024,RO APAC,1748,29541,20166,9375,5172,3696,114,331,1417,1391,1190,863,281,33,0.7872,0.85784,0.109431,0.2144,0.009498,0.005314
520,29/01/2024,EU,3296,197601,61599,136002,4763,3627,6,1130,2166,2292,1732,1239,316,41,0.7872,0.8544,0.109684,0.2144,0.009471,0.005314
521,29/01/2024,Greater China,5658,10031,8708,1323,1314,824,18,1298,4360,4860,4159,3148,1385,131,0.7872,0.8544,0.109684,0.2144,0.009471,0.005314
522,29/01/2024,Middle East - GCC,8523,15007,13351,1656,3389,2765,249,2091,6432,6761,5353,3862,1351,349,0.7872,0.8544,0.109684,0.2144,0.009471,0.005314
523,29/01/2024,North America,1974,40981,37933,3048,11369,7202,167,611,1363,1394,1048,756,188,51,0.7872,0.8544,0.109684,0.2144,0.009471,0.005314
524,29/01/2024,RO APAC,2013,27314,19354,7960,5156,3681,131,487,1526,1577,1318,1058,450,66,0.7872,0.8544,0.109684,0.2144,0.009471,0.005314
525,05/02/2024,EU,2304,247418,65040,182378,5334,4055,12,470,1834,1847,1524,1181,312,42,0.7917,0.85405,0.110045,0.2156,0.00954,0.005335
526,05/02/2024,Greater China,4220,10469,9375,1094,1673,1104,25,952,3268,3749,3261,2566,1132,122,0.7917,0.85405,0.110045,0.2156,0.00954,0.005335
527,05/02/2024,Middle East - GCC,6620,13132,11144,1988,3184,2589,257,1251,5369,5697,4620,3438,1127,269,0.7917,0.85405,0.110045,0.2156,0.00954,0.005335
528,05/02/2024,North America,1468,44935,42073,2862,12406,7902,214,403,1065,1104,842,564,158,45,0.7917,0.85405,0.110045,0.2156,0.00954,0.005335
529,05/02/2024,RO APAC,1359,31311,21252,10059,5546,3931,161,268,1091,1123,942,702,277,51,0.7917,0.85405,0.110045,0.2156,0.00954,0.005335
530,12/02/2024,EU,2581,275987,72561,203426,4934,3512,6,636,1945,2003,1591,1165,301,23,0.7919,0.85399,0.110074,0.2156,0.009537,0.005304
531,12/02/2024,Greater China,4511,16233,14451,1782,2650,1678,31,1004,3507,3930,3371,2484,927,173,0.7919,0.85399,0.110074,0.2156,0.009537,0.005304
532,12/02/2024,Middle East - GCC,6516,13730,11642,2088,3139,2532,279,983,5533,5821,4982,3825,1413,405,0.7919,0.85399,0.110074,0.2156,0.009537,0.005304
533,12/02/2024,North America,1407,47695,44279,3416,9660,5812,159,387,1020,1076,786,567,127,14,0.7919,0.85399,0.110074,0.2156,0.009537,0.005304
534,12/02/2024,RO APAC,1507,33701,22545,11156,5036,3565,139,309,1198,1254,1042,794,345,49,0.7919,0.85399,0.110074,0.2156,0.009537,0.005304
535,19/02/2024,EU,2329,239317,63862,175455,4631,3255,2,606,1723,1780,1377,1015,208,21,0.7935,0.85525,0.11031,0.2161,0.009545,0.005283
536,19/02/2024,Greater China,4341,5663,4814,849,876,603,17,1004,3337,3791,3175,2413,899,99,0.7935,0.85525,0.11031,0.2161,0.009545,0.005283
537,19/02/2024,Middle East - GCC,6848,11217,9499,1718,3261,2740,325,1098,5750,6120,5194,3956,1365,302,0.7935,0.85525,0.11031,0.2161,0.009545,0.005283
538,19/02/2024,North America,1496,48109,43902,4207,13603,8032,246,436,1060,1084,833,615,179,2,0.7935,0.85525,0.11031,0.2161,0.009545,0.005283
539,19/02/2024,RO APAC,1520,29183,19875,9308,5086,3787,155,302,1218,1241,1073,825,324,49,0.7935,0.85525,0.11031,0.2161,0.009545,0.005283
540,26/02/2024,EU,2413,234656,66796,167860,5287,3879,1,583,1830,1870,1414,1108,309,16,0.7891,0.85391,0.109662,0.2149,0.009498,0.005243
541,26/02/2024,Greater China,3970,4275,3678,597,661,485,21,862,3108,3577,3063,2406,1023,140,0.7891,0.85391,0.109662,0.2149,0.009498,0.005243
542,26/02/2024,Middle East - GCC,9113,16517,14579,1938,5105,4331,590,1536,7577,7998,6625,4942,1755,384,0.7891,0.85391,0.109662,0.2149,0.009498,0.005243
543,26/02/2024,North America,1724,46747,42305,4442,13655,8694,254,535,1189,1237,903,635,137,12,0.7891,0.85391,0.109662,0.2149,0.009498,0.005243
544,26/02/2024,RO APAC,1436,28022,19101,8921,5684,4320,146,324,1112,1185,1037,793,273,59,0.7891,0.85391,0.109662,0.2149,0.009498,0.005243
545,04/03/2024,EU,2462,236172,65378,170794,5024,3728,4,602,1860,1919,1523,1201,350,27,0.7902,0.8565,0.109804,0.2152,0.009554,0.005264
546,04/03/2024,Greater China,3275,5051,4305,746,657,446,12,640,2635,2956,2665,2050,903,116,0.7902,0.8565,0.109804,0.2152,0.009554,0.005264
547,04/03/2024,Middle East - GCC,10112,12977,11073,1904,3507,2976,394,1902,8210,8857,7274,5439,1917,385,0.7902,0.8565,0.109804,0.2152,0.009554,0.005264
548,04/03/2024,North America,1550,51780,47632,4148,14433,8646,185,498,1052,1184,892,591,113,6,0.7902,0.8565,0.109804,0.2152,0.009554,0.005264
549,04/03/2024,RO APAC,1491,29664,20323,9341,5779,4381,176,316,1175,1286,1125,768,227,19,0.7902,0.8565,0.109804,0.2152,0.009554,0.005264
550,11/03/2024,EU,2683,250893,66453,184440,5485,3998,8,586,2097,2103,1668,1212,362,37,0.7778,0.85084,0.108228,0.2118,0.009448,0.005288
551,11/03/2024,Greater China,3306,5402,4801,601,790,551,10,723,2583,2945,2603,2071,964,97,0.7778,0.85084,0.108228,0.2118,0.009448,0.005288
552,11/03/2024,Middle East - GCC,6744,8711,6963,1748,1947,1583,183,1189,5555,5971,5073,3875,1577,411,0.7778,0.85084,0.108228,0.2118,0.009448,0.005288
553,11/03/2024,North America,1867,69150,63761,5389,19561,11125,220,471,1396,1432,1101,711,136,15,0.7778,0.85084,0.108228,0.2118,0.009448,0.005288
554,11/03/2024,RO APAC,1490,31957,22414,9543,6153,4598,161,304,1186,1252,1127,823,350,80,0.7778,0.85084,0.108228,0.2118,0.009448,0.005288
555,18/03/2024,EU,2547,237540,67242,170298,5393,3885,8,621,1926,1955,1522,1178,323,22,0.7852,0.85498,0.109132,0.2138,0.009479,0.005269
556,18/03/2024,Greater China,3778,5236,4736,500,663,480,11,646,3132,3417,3079,2357,1135,168,0.7852,0.85498,0.109132,0.2138,0.009479,0.005269
557,18/03/2024,Middle East - GCC,2791,9499,7833,1666,1446,1107,97,394,2397,2529,2203,1790,796,199,0.7852,0.85498,0.109132,0.2138,0.009479,0.005269
558,18/03/2024,North America,1789,64434,60211,4223,18139,10342,173,630,1159,1243,958,635,138,6,0.7852,0.85498,0.109132,0.2138,0.009479,0.005269
559,18/03/2024,RO APAC,1573,32159,22550,9609,6082,4361,158,301,1272,1313,1124,866,301,89,0.7852,0.85498,0.109132,0.2138,0.009479,0.005269
560,25/03/2024,EU,2638,223785,73822,149963,6430,3923,3,604,2034,2073,1602,1197,303,9,0.7936,0.85774,0.10978,0.2161,0.009514,0.00524
561,25/03/2024,Greater China,3637,8179,7383,796,982,658,9,807,2830,3209,2820,2230,940,114,0.7936,0.85774,0.10978,0.2161,0.009514,0.00524
562,25/03/2024,Middle East - GCC,2457,11229,9437,1792,1677,1158,67,306,2151,2298,2047,1594,707,126,0.7936,0.85774,0.10978,0.2161,0.009514,0.00524
563,25/03/2024,North America,1775,72147,67334,4813,18411,9724,115,605,1170,1279,930,613,148,31,0.7936,0.85774,0.10978,0.2161,0.009514,0.00524
564,25/03/2024,RO APAC,1419,34213,25057,9156,6090,4182,123,283,1136,1179,959,700,232,26,0.7936,0.85774,0.10978,0.2161,0.009514,0.00524
565,01/04/2024,EU,2135,209388,69740,139648,5510,2919,4,504,1631,1595,1305,1052,325,18,0.7922,0.85486,0.109933,0.2157,0.009499,0.005235
566,01/04/2024,Greater China,2939,8959,8075,884,1002,627,14,598,2341,2652,2326,1811,745,142,0.7922,0.85486,0.109933,0.2157,0.009499,0.005235
567,01/04/2024,Middle East - GCC,2184,11271,9445,1826,1605,1001,63,330,1854,1997,1815,1418,655,143,0.7922,0.85486,0.109933,0.2157,0.009499,0.005235
568,01/04/2024,North America,1497,69901,64979,4922,15205,7719,146,589,908,1104,825,571,89,9,0.7922,0.85486,0.109933,0.2157,0.009499,0.005235
569,01/04/2024,RO APAC,1363,32863,21501,11362,5172,3414,107,343,1020,1096,948,723,267,38,0.7922,0.85486,0.109933,0.2157,0.009499,0.005235
570,08/04/2024,EU,2220,277769,70286,207483,4527,2972,10,610,1610,1674,1317,963,304,24,0.7913,0.85747,0.109389,0.2154,0.009499,0.005218
571,08/04/2024,Greater China,3157,5659,4926,733,940,635,15,719,2438,2804,2460,1923,932,143,0.7913,0.85747,0.109389,0.2154,0.009499,0.005218
572,08/04/2024,Middle East - GCC,2906,16300,13992,2308,3223,2479,251,462,2444,2584,2247,1787,848,114,0.7913,0.85747,0.109389,0.2154,0.009499,0.005218
573,08/04/2024,North America,1661,66104,61091,5013,16273,9382,257,554,1107,1225,862,556,170,26,0.7913,0.85747,0.109389,0.2154,0.009499,0.005218
574,08/04/2024,RO APAC,1482,49335,27054,22281,7325,5332,222,372,1110,1182,990,738,297,66,0.7913,0.85747,0.109389,0.2154,0.009499,0.005218
575,15/04/2024,EU,2322,263552,64774,198778,5419,3697,4,490,1832,1791,1438,1149,287,18,0.8031,0.85474,0.110981,0.2187,0.009641,0.00524
576,15/04/2024,Greater China,2958,4639,3909,730,1021,720,14,600,2358,2682,2320,1923,843,138,0.8031,0.85474,0.110981,0.2187,0.009641,0.00524
577,15/04/2024,Middle East - GCC,7538,14306,12475,1831,4127,3476,383,1376,6162,6665,5448,3855,1377,312,0.8031,0.85474,0.110981,0.2187,0.009641,0.00524
578,15/04/2024,North America,1634,65437,59595,5842,18925,10990,268,458,1176,1234,907,609,127,36,0.8031,0.85474,0.110981,0.2187,0.009641,0.00524
579,15/04/2024,RO APAC,1904,42167,22675,19492,7330,5713,238,506,1398,1530,1333,1000,332,52,0.8031,0.85474,0.110981,0.2187,0.009641,0.00524
580,22/04/2024,EU,2224,278381,75264,203117,5807,4053,5,597,1627,1700,1333,1002,274,17,0.8084,0.86142,0.111664,0.2201,0.00968,0.005228
581,22/04/2024,Greater China,2751,6746,5839,907,1240,809,13,591,2160,2464,2130,1652,730,124,0.8084,0.86142,0.111664,0.2201,0.00968,0.005228
582,22/04/2024,Middle East - GCC,7539,12388,10523,1865,3515,2982,317,1332,6207,6745,5529,4102,1478,403,0.8084,0.86142,0.111664,0.2201,0.00968,0.005228
583,22/04/2024,North America,1846,81811,75040,6771,23988,13031,222,532,1314,1397,1049,757,147,43,0.8084,0.86142,0.111664,0.2201,0.00968,0.005228
584,22/04/2024,RO APAC,1831,47296,27471,19825,8493,6247,248,437,1394,1517,1298,996,285,36,0.8084,0.86142,0.111664,0.2201,0.00968,0.005228
585,29/04/2024,EU,3315,286834,78822,208012,6133,4147,6,1268,2047,2043,1691,1216,311,15,0.8005,0.85599,0.11046,0.2179,0.009627,0.005055
586,29/04/2024,Greater China,4573,9979,8481,1498,1496,939,13,1036,3537,3918,3445,2712,1190,215,0.8005,0.85599,0.11046,0.2179,0.009627,0.005055
587,29/04/2024,Middle East - GCC,7880,14383,12587,1796,3491,2931,357,1679,6201,6656,5532,4114,1474,377,0.8005,0.85599,0.11046,0.2179,0.009627,0.005055
588,29/04/2024,North America,2673,70108,63838,6270,20066,10941,214,1219,1454,1639,1229,850,192,84,0.8005,0.85599,0.11046,0.2179,0.009627,0.005055
589,29/04/2024,RO APAC,2629,46962,28700,18262,8887,6168,259,854,1775,1982,1739,1380,513,158,0.8005,0.85599,0.11046,0.2179,0.009627,0.005055
590,06/05/2024,EU,2604,304308,75293,229015,5185,3543,9,694,1910,1946,1494,1208,326,21,0.797,0.85778,0.110393,0.217,0.00955,0.005207
591,06/05/2024,Greater China,3841,10367,8773,1594,1504,1050,21,841,3000,3408,2950,2353,915,134,0.797,0.85778,0.110393,0.217,0.00955,0.005207
592,06/05/2024,Middle East - GCC,6427,14680,12703,1977,3359,2739,309,1175,5252,5616,4693,3525,1322,379,0.797,0.85778,0.110393,0.217,0.00955,0.005207
593,06/05/2024,North America,1815,81705,72046,9659,22001,11623,186,580,1235,1322,1064,756,118,29,0.797,0.85778,0.110393,0.217,0.00955,0.005207
594,06/05/2024,RO APAC,1950,55226,32675,22551,9803,6805,261,530,1420,1586,1331,967,546,281,0.797,0.85778,0.110393,0.217,0.00955,0.005207
595,13/05/2024,EU,2362,293923,77579,216344,7731,4180,5,642,1720,1732,1415,1068,394,43,0.7984,0.86002,0.110473,0.2174,0.00956,0.005125
596,13/05/2024,Greater China,4399,9927,8690,1237,1508,1093,17,1086,3313,3848,3224,2458,1054,138,0.7984,0.86002,0.110473,0.2174,0.00956,0.005125
597,13/05/2024,Middle East - GCC,6702,15426,13537,1889,4080,3440,372,1175,5527,5769,4818,3863,1399,404,0.7984,0.86002,0.110473,0.2174,0.00956,0.005125
598,13/05/2024,North America,2156,84402,74390,10012,25081,14172,211,764,1392,1511,1163,810,216,41,0.7984,0.86002,0.110473,0.2174,0.00956,0.005125
599,13/05/2024,RO APAC,2012,55968,33651,22317,10848,7610,302,554,1458,1593,1358,1046,397,119,0.7984,0.86002,0.110473,0.2174,0.00956,0.005125
600,20/05/2024,EU,2465,285443,73235,212208,6700,4331,10,638,1827,1883,1571,1193,391,57,0.7873,0.85575,0.108981,0.2144,0.009465,0.005058
601,20/05/2024,Greater China,4296,10813,9062,1751,1671,1205,21,1029,3267,3716,3178,2503,1161,132,0.7873,0.85575,0.108981,0.2144,0.009465,0.005058
602,20/05/2024,Middle East - GCC,7007,15392,13348,2044,3861,3230,339,1396,5611,5901,4938,3892,1580,481,0.7873,0.85575,0.108981,0.2144,0.009465,0.005058
603,20/05/2024,North America,2223,90478,80321,10157,27184,15339,346,842,1381,1539,1159,809,259,39,0.7873,0.85575,0.108981,0.2144,0.009465,0.005058
604,20/05/2024,RO APAC,2021,61259,38333,22926,12084,8345,311,618,1403,1621,1277,947,424,162,0.7873,0.85575,0.108981,0.2144,0.009465,0.005058
605,27/05/2024,EU,2488,274720,70565,204155,6126,3669,10,624,1864,1968,1522,1157,275,12,0.7851,0.85157,0.10866,0.2138,0.009455,0.005002
606,27/05/2024,Greater China,4025,10611,9272,1339,1630,1142,27,935,3090,3548,3062,2386,1033,183,0.7851,0.85157,0.10866,0.2138,0.009455,0.005002
607,27/05/2024,Middle East - GCC,6582,15765,13800,1965,3345,2789,285,1149,5433,5749,4877,3705,1329,350,0.7851,0.85157,0.10866,0.2138,0.009455,0.005002
608,27/05/2024,North America,2071,93944,83150,10794,24783,13083,186,766,1305,1486,1176,811,201,69,0.7851,0.85157,0.10866,0.2138,0.009455,0.005002
609,27/05/2024,RO APAC,2567,62082,36998,25084,11025,7499,348,737,1830,2200,1945,1520,637,247,0.7851,0.85157,0.10866,0.2138,0.009455,0.005002
610,03/06/2024,EU,3110,276230,68170,208060,7782,4855,3,1114,1996,2108,1625,1220,308,22,0.7848,0.85149,0.108371,0.2136,0.009411,0.004989
611,03/06/2024,Greater China,4994,9792,8248,1544,1666,1205,26,1139,3855,4337,3796,2880,1420,251,0.7848,0.85149,0.108371,0.2136,0.009411,0.004989
612,03/06/2024,Middle East - GCC,8059,16040,14109,1931,4137,3578,405,1733,6326,6899,5746,4394,1527,373,0.7848,0.85149,0.108371,0.2136,0.009411,0.004989
613,03/06/2024,North America,2863,83428,72715,10713,26795,15387,205,1127,1736,1863,1375,1000,263,60,0.7848,0.85149,0.108371,0.2136,0.009411,0.004989
614,03/06/2024,RO APAC,3160,59006,36098,22908,12153,8761,377,852,2308,2407,2041,1590,562,114,0.7848,0.85149,0.108371,0.2136,0.009411,0.004989
615,10/06/2024,EU,2456,268110,67123,200987,5655,3642,1,544,1912,1958,1561,1175,342,21,0.7862,0.84923,0.10847,0.2141,0.009365,0.005015
616,10/06/2024,Greater China,4075,11847,9791,2056,1719,1224,29,900,3175,3606,3165,2559,1160,169,0.7862,0.84923,0.10847,0.2141,0.009365,0.005015
617,10/06/2024,Middle East - GCC,6508,21411,19115,2296,4756,3972,425,1167,5341,5774,4951,3983,1456,295,0.7862,0.84923,0.10847,0.2141,0.009365,0.005015
618,10/06/2024,North America,2323,101422,89437,11985,30601,16875,258,864,1459,1705,1272,867,233,41,0.7862,0.84923,0.10847,0.2141,0.009365,0.005015
619,10/06/2024,RO APAC,2476,64421,41067,23354,12679,8875,349,575,1901,2093,1794,1309,509,96,0.7862,0.84923,0.10847,0.2141,0.009365,0.005015
620,17/06/2024,EU,2567,278270,68979,209291,6438,4263,-4,575,1992,1950,1546,1118,317,12,0.7882,0.84383,0.10864,0.2147,0.00943,0.005008
621,17/06/2024,Greater China,3931,11412,9388,2024,1994,1402,25,933,2998,3548,3106,2518,1161,180,0.7882,0.84383,0.10864,0.2147,0.00943,0.005008
622,17/06/2024,Middle East - GCC,8500,35391,31700,3691,7286,5687,558,1527,6973,7449,6369,5177,1917,476,0.7882,0.84383,0.10864,0.2147,0.00943,0.005008
623,17/06/2024,North America,2397,101602,88206,13396,30607,16775,309,802,1595,1701,1262,864,221,30,0.7882,0.84383,0.10864,0.2147,0.00943,0.005008
624,17/06/2024,RO APAC,2820,67600,42445,25155,13066,9050,371,693,2127,2268,1847,1415,427,59,0.7882,0.84383,0.10864,0.2147,0.00943,0.005008
625,24/06/2024,EU,3157,280461,69524,210937,7314,4418,6,1069,2088,2129,1633,1155,318,38,0.7909,0.84564,0.108919,0.2153,0.009469,0.004949
626,24/06/2024,Greater China,6122,14197,11005,3192,2454,1685,32,1625,4497,5070,4245,3250,1537,211,0.7909,0.84564,0.108919,0.2153,0.009469,0.004949
627,24/06/2024,Middle East - GCC,15070,21898,19630,2268,5195,4108,430,3400,11670,12399,10166,7886,2697,731,0.7909,0.84564,0.108919,0.2153,0.009469,0.004949
628,24/06/2024,North America,4098,108700,95173,13527,33294,18559,305,1909,2189,2418,1815,1238,259,26,0.7909,0.84564,0.108919,0.2153,0.009469,0.004949
629,24/06/2024,RO APAC,4864,70166,44404,25762,13808,9498,395,1525,3339,3703,2849,2166,624,60,0.7909,0.84564,0.108919,0.2153,0.009469,0.004949
630,01/07/2024,EU,2579,278951,69048,209903,7558,4347,8,792,1787,1889,1367,972,305,35,0.7908,0.84727,0.108817,0.2153,0.009491,0.004915
631,01/07/2024,Greater China,4445,20511,15532,4979,3556,2137,33,1145,3300,3819,3321,2697,1172,168,0.7908,0.84727,0.108817,0.2153,0.009491,0.004915
632,01/07/2024,Middle East - GCC,11788,22362,19962,2400,5614,4486,514,2209,9579,10270,8816,7139,2611,579,0.7908,0.84727,0.108817,0.2153,0.009491,0.004915
633,01/07/2024,North America,3006,102653,89469,13184,28990,15828,239,1053,1953,2033,1564,1025,262,14,0.7908,0.84727,0.108817,0.2153,0.009491,0.004915
634,01/07/2024,RO APAC,3602,68639,43264,25375,13225,9246,384,1060,2542,2721,2199,1636,576,43,0.7908,0.84727,0.108817,0.2153,0.009491,0.004915
635,08/07/2024,EU,2719,300449,81573,218876,8255,4812,-2,713,2006,2021,1569,1160,333,36,0.7803,0.8458,0.107356,0.2125,0.009363,0.004855
636,08/07/2024,Greater China,4361,21943,16224,5719,3810,2411,46,1078,3283,3824,3253,2540,1020,153,0.7803,0.8458,0.107356,0.2125,0.009363,0.004855
637,08/07/2024,Middle East - GCC,12526,27345,24162,3183,6572,4996,591,2026,10500,11294,9761,7762,2757,599,0.7803,0.8458,0.107356,0.2125,0.009363,0.004855
638,08/07/2024,North America,2856,94860,82838,12022,28546,16758,323,1101,1755,1970,1471,1027,207,37,0.7803,0.8458,0.107356,0.2125,0.009363,0.004855
639,08/07/2024,RO APAC,3668,70838,42976,27862,12737,9118,383,917,2751,2874,2372,1675,470,95,0.7803,0.8458,0.107356,0.2125,0.009363,0.004855
640,15/07/2024,EU,3276,293682,78482,215200,7435,4425,-2,1204,2072,2172,1583,1162,318,54,0.7699,0.83973,0.106198,0.2097,0.009218,0.004879
641,15/07/2024,Greater China,7141,24217,18700,5517,4375,2702,34,2487,4654,5408,4428,3356,1516,277,0.7699,0.83973,0.106198,0.2097,0.009218,0.004879
642,15/07/2024,Middle East - GCC,15428,28003,24787,3216,7175,5471,499,2949,12479,13426,11507,9100,3186,760,0.7699,0.83973,0.106198,0.2097,0.009218,0.004879
643,15/07/2024,North America,3688,98101,87010,11091,26819,15428,326,1519,2169,2416,1818,1152,235,40,0.7699,0.83973,0.106198,0.2097,0.009218,0.004879
644,15/07/2024,RO APAC,4154,71741,44573,27168,12390,8763,378,1260,2894,3139,2441,1761,566,91,0.7699,0.83973,0.106198,0.2097,0.009218,0.004879
645,22/07/2024,EU,1803,282934,77194,205740,6498,3997,4,507,1296,1326,1031,782,168,10,0.7744,0.8426,0.106512,0.2108,0.009251,0.004918
646,22/07/2024,Greater China,3553,25967,19900,6067,4119,2499,28,936,2617,3083,2651,2075,922,147,0.7744,0.8426,0.106512,0.2108,0.009251,0.004918
647,22/07/2024,Middle East - GCC,13690,27083,24072,3011,7614,5898,611,2241,11449,12304,10496,8213,3027,637,0.7744,0.8426,0.106512,0.2108,0.009251,0.004918
648,22/07/2024,North America,2120,91226,81593,9633,25365,15360,264,809,1311,1545,1105,777,213,19,0.7744,0.8426,0.106512,0.2108,0.009251,0.004918
649,22/07/2024,RO APAC,2511,66268,42101,24167,11622,7967,267,661,1850,2055,1723,1285,394,66,0.7744,0.8426,0.106512,0.2108,0.009251,0.004918
650,29/07/2024,EU,1682,273131,74119,199012,5418,3503,4,441,1241,1247,961,753,231,30,0.7772,0.84373,0.107186,0.2116,0.009278,0.005055
651,29/07/2024,Greater China,3446,24194,18832,5362,3631,2206,30,928,2518,3056,2615,2125,1056,135,0.7772,0.84373,0.107186,0.2116,0.009278,0.005055
652,29/07/2024,Middle East - GCC,16171,26841,23947,2894,7204,5306,470,2941,13230,14514,12521,9786,3511,761,0.7772,0.84373,0.107186,0.2116,0.009278,0.005055
653,29/07/2024,North America,2051,85630,75808,9822,21595,12585,204,681,1370,1584,1235,837,301,65,0.7772,0.84373,0.107186,0.2116,0.009278,0.005055
654,29/07/2024,RO APAC,2080,61724,38594,23130,9858,6594,233,556,1524,1679,1377,977,267,44,0.7772,0.84373,0.107186,0.2116,0.009278,0.005055
655,05/08/2024,EU,1605,275925,71629,204296,5501,3176,11,348,1257,1292,990,774,250,30,0.7812,0.8521,0.108923,0.2126,0.009325,0.005329
656,05/08/2024,Greater China,2835,23916,18176,5740,3534,2104,11,861,1974,2530,2160,1771,902,75,0.7812,0.8521,0.108923,0.2126,0.009325,0.005329
657,05/08/2024,Middle East - GCC,17058,28995,25390,3605,7748,5659,516,3224,13834,15437,13412,10370,3637,822,0.7812,0.8521,0.108923,0.2126,0.009325,0.005329
658,05/08/2024,North America,1705,81856,72873,8983,19849,11503,230,661,1044,1211,889,576,160,58,0.7812,0.8521,0.108923,0.2126,0.009325,0.005329
659,05/08/2024,RO APAC,1770,65889,36620,29269,9512,6230,241,486,1284,1484,1215,913,287,86,0.7812,0.8521,0.108923,0.2126,0.009325,0.005329
660,12/08/2024,EU,1603,272361,71084,201277,5309,2917,0,452,1151,1196,925,706,192,8,0.7836,0.85552,0.109337,0.2133,0.009335,0.005346
661,12/08/2024,Greater China,3012,19078,14407,4671,2766,1809,31,855,2157,2615,2347,1885,874,87,0.7836,0.85552,0.109337,0.2133,0.009335,0.005346
662,12/08/2024,Middle East - GCC,20166,23707,20037,3670,5801,4345,310,4200,15966,18100,15548,12115,4025,888,0.7836,0.85552,0.109337,0.2133,0.009335,0.005346
663,12/08/2024,North America,1813,80852,72964,7888,18463,10336,199,634,1179,1334,1046,731,207,25,0.7836,0.85552,0.109337,0.2133,0.009335,0.005346
664,12/08/2024,RO APAC,1564,64512,35091,29421,9380,6004,205,523,1041,1157,967,775,273,64,0.7836,0.85552,0.109337,0.2133,0.009335,0.005346
665,19/08/2024,EU,1782,296208,71966,224242,5743,3156,13,487,1295,1411,1165,890,222,33,0.7726,0.85186,0.107899,0.2103,0.009214,0.005234
666,19/08/2024,Greater China,2962,13774,10433,3341,2021,1393,17,836,2126,2629,2301,1897,843,61,0.7726,0.85186,0.107899,0.2103,0.009214,0.005234
667,19/08/2024,Middle East - GCC,20238,20521,17306,3215,4385,3325,272,4052,16186,18345,15523,12293,4478,1053,0.7726,0.85186,0.107899,0.2103,0.009214,0.005234
668,19/08/2024,North America,1690,105983,95220,10763,25441,13836,189,690,1000,1170,893,649,218,12,0.7726,0.85186,0.107899,0.2103,0.009214,0.005234
669,19/08/2024,RO APAC,1454,59684,33266,26418,9353,6124,201,438,1016,1138,936,642,263,63,0.7726,0.85186,0.107899,0.2103,0.009214,0.005234
670,26/08/2024,EU,1851,257870,65286,192584,4520,2703,0,511,1340,1444,1137,912,235,6,0.7568,0.84682,0.1063,0.2061,0.009019,0.005242
671,26/08/2024,Greater China,2775,9951,7384,2567,1844,1236,31,802,1973,2492,2217,1738,796,93,0.7568,0.84682,0.1063,0.2061,0.009019,0.005242
672,26/08/2024,Middle East - GCC,18315,16739,14106,2633,3517,2778,257,3439,14876,16622,14241,11215,4196,1089,0.7568,0.84682,0.1063,0.2061,0.009019,0.005242
673,26/08/2024,North America,1588,80983,72737,8246,19774,11002,198,633,955,1173,883,586,164,9,0.7568,0.84682,0.1063,0.2061,0.009019,0.005242
674,26/08/2024,RO APAC,1288,48671,27977,20694,8974,6141,247,411,877,1041,873,720,342,145,0.7568,0.84682,0.1063,0.2061,0.009019,0.005242
675,02/09/2024,EU,1742,246932,59809,187123,5460,3644,6,516,1226,1389,1116,802,250,31,0.7618,0.84149,0.107426,0.2074,0.009091,0.005211
676,02/09/2024,Greater China,2932,10089,7611,2478,2479,1660,29,782,2150,2625,2328,1876,932,97,0.7618,0.84149,0.107426,0.2074,0.009091,0.005211
677,02/09/2024,Middle East - GCC,12211,14347,11895,2452,3925,3297,286,2575,9636,11029,9596,7585,3086,791,0.7618,0.84149,0.107426,0.2074,0.009091,0.005211
678,02/09/2024,North America,1593,76706,69322,7384,22927,13475,205,622,971,1161,825,609,162,16,0.7618,0.84149,0.107426,0.2074,0.009091,0.005211
679,02/09/2024,RO APAC,1776,50140,30099,20041,11638,8658,410,604,1172,1473,1294,941,424,186,0.7618,0.84149,0.107426,0.2074,0.009091,0.005211
680,09/09/2024,EU,2037,250103,68222,181881,6336,4125,4,554,1483,1608,1291,1019,274,17,0.7617,0.84418,0.107308,0.2074,0.009043,0.005352
681,09/09/2024,Greater China,3029,11101,8711,2390,2099,1398,24,766,2263,2759,2459,1938,863,132,0.7617,0.84418,0.107308,0.2074,0.009043,0.005352
682,09/09/2024,Middle East - GCC,9858,16799,14330,2469,4347,3567,363,1905,7953,8970,7825,6328,2497,584,0.7617,0.84418,0.107308,0.2074,0.009043,0.005352
683,09/09/2024,North America,1622,83282,74943,8339,27057,15808,288,616,1006,1199,898,606,139,15,0.7617,0.84418,0.107308,0.2074,0.009043,0.005352
684,09/09/2024,RO APAC,1788,60911,35832,25079,12873,8916,336,485,1303,1501,1277,1005,386,103,0.7617,0.84418,0.107308,0.2074,0.009043,0.005352
685,16/09/2024,EU,2115,247544,70002,177542,6172,4216,15,647,1468,1638,1259,974,353,42,0.762,0.84391,0.107351,0.2074,0.009081,0.00541
686,16/09/2024,Greater China,3026,12273,9649,2624,2184,1549,12,770,2256,2759,2488,2010,929,125,0.762,0.84391,0.107351,0.2074,0.009081,0.00541
687,16/09/2024,Middle East - GCC,8124,20149,17260,2889,4969,4144,408,1667,6457,7208,6202,4879,2130,417,0.762,0.84391,0.107351,0.2074,0.009081,0.00541
688,16/09/2024,North America,1779,85343,76393,8950,26317,15378,228,651,1128,1298,988,708,189,18,0.762,0.84391,0.107351,0.2074,0.009081,0.00541
689,16/09/2024,RO APAC,2101,65223,43146,22077,13694,9178,389,588,1513,1754,1530,1157,373,132,0.762,0.84391,0.107351,0.2074,0.009081,0.00541
690,23/09/2024,EU,2382,235661,69795,165866,6526,4503,5,724,1658,1864,1467,1056,276,25,0.7507,0.83794,0.106515,0.2044,0.008981,0.005215
691,23/09/2024,Greater China,3523,11190,8808,2382,2487,1782,36,1025,2498,3151,2805,2295,1004,139,0.7507,0.83794,0.106515,0.2044,0.008981,0.005215
692,23/09/2024,Middle East - GCC,8965,22017,19101,2916,5365,4405,502,2069,6896,7906,6559,5024,2022,499,0.7507,0.83794,0.106515,0.2044,0.008981,0.005215
693,23/09/2024,North America,1695,83571,75522,8049,25762,15148,310,721,974,1177,824,631,160,26,0.7507,0.83794,0.106515,0.2044,0.008981,0.005215
694,23/09/2024,RO APAC,2144,56053,37715,18338,12457,8589,305,690,1454,1774,1480,1094,401,98,0.7507,0.83794,0.106515,0.2044,0.008981,0.005215
695,30/09/2024,EU,3318,217542,63616,153926,6184,4186,7,1168,2150,2397,1908,1397,330,34,0.7477,0.83467,0.106662,0.2036,0.008919,0.005258
696,30/09/2024,Greater China,5143,13629,10341,3288,2664,1920,20,1559,3584,4465,3892,3069,1273,176,0.7477,0.83467,0.106662,0.2036,0.008919,0.005258
697,30/09/2024,Middle East - GCC,10567,16223,13997,2226,4057,3391,367,2591,7976,9179,7739,5766,2234,490,0.7477,0.83467,0.106662,0.2036,0.008919,0.005258
698,30/09/2024,North America,2628,73185,66752,6433,22625,13604,220,1213,1415,1754,1322,941,205,56,0.7477,0.83467,0.106662,0.2036,0.008919,0.005258
699,30/09/2024,RO APAC,3382,44677,30387,14290,9917,7073,279,1352,2030,2461,2044,1502,490,77,0.7477,0.83467,0.106662,0.2036,0.008919,0.005258
700,07/10/2024,EU,2543,245426,77304,168122,6701,4289,1,797,1746,1995,1536,1189,281,26,0.7621,0.83618,0.106521,0.2075,0.009074,0.005125
701,07/10/2024,Greater China,4264,10413,7963,2450,1726,1244,15,1364,2900,3825,3355,2727,1168,158,0.7621,0.83618,0.106521,0.2075,0.009074,0.005125
702,07/10/2024,Middle East - GCC,7685,16376,14217,2159,4240,3569,370,1632,6053,6828,5798,4396,1950,426,0.7621,0.83618,0.106521,0.2075,0.009074,0.005125
703,07/10/2024,North America,1771,78668,72427,6241,24092,13769,258,748,1023,1265,978,698,233,87,0.7621,0.83618,0.106521,0.2075,0.009074,0.005125
704,07/10/2024,RO APAC,2016,48042,28748,19294,8767,6369,254,617,1399,1694,1341,1005,291,51,0.7621,0.83618,0.106521,0.2075,0.009074,0.005125
705,14/10/2024,EU,2626,236497,78296,158201,6926,4735,12,776,1850,2065,1620,1203,340,35,0.7653,0.83701,0.108306,0.2084,0.009099,0.005132
706,14/10/2024,Greater China,3797,7162,5769,1393,1108,812,23,1170,2627,3408,3004,2384,1140,151,0.7653,0.83701,0.108306,0.2084,0.009099,0.005132
707,14/10/2024,Middle East - GCC,7370,16669,14218,2451,4607,3791,378,1721,5649,6594,5536,4193,1577,322,0.7653,0.83701,0.108306,0.2084,0.009099,0.005132
708,14/10/2024,North America,1862,81209,75633,5576,23868,13635,254,718,1144,1361,1072,722,201,36,0.7653,0.83701,0.108306,0.2084,0.009099,0.005132
709,14/10/2024,RO APAC,1793,42396,27046,15350,8352,6061,234,510,1283,1440,1157,878,330,32,0.7653,0.83701,0.108306,0.2084,0.009099,0.005132
710,21/10/2024,EU,2501,230977,77608,153369,6242,4146,3,752,1749,1901,1478,1081,328,23,0.7662,0.83271,0.107885,0.2086,0.009124,0.005124
711,21/10/2024,Greater China,3640,6516,5136,1380,1043,741,11,944,2696,3354,3055,2417,1147,155,0.7662,0.83271,0.107885,0.2086,0.009124,0.005124
712,21/10/2024,Middle East - GCC,7891,15049,12678,2371,4534,3732,372,1798,6093,7167,6019,4402,1666,484,0.7662,0.83271,0.107885,0.2086,0.009124,0.005124
713,21/10/2024,North America,1861,67404,63105,4299,20325,12103,334,804,1057,1325,982,646,166,40,0.7662,0.83271,0.107885,0.2086,0.009124,0.005124
714,21/10/2024,RO APAC,1893,37679,23781,13898,6882,4887,181,506,1387,1542,1318,1052,366,84,0.7662,0.83271,0.107885,0.2086,0.009124,0.005124
715,28/10/2024,EU,2701,240839,88728,152111,7567,4886,4,951,1750,2084,1641,1182,310,26,0.7715,0.83288,0.108336,0.21,0.009175,0.005066
716,28/10/2024,Greater China,3436,5597,4576,1021,770,592,7,1145,2291,3116,2775,2248,947,143,0.7715,0.83288,0.108336,0.21,0.009175,0.005066
717,28/10/2024,Middle East - GCC,8164,17281,14800,2481,4286,3534,319,1836,6328,7229,5923,4371,1706,397,0.7715,0.83288,0.108336,0.21,0.009175,0.005066
718,28/10/2024,North America,1489,52469,49531,2938,14267,8570,235,591,898,1061,808,557,169,20,0.7715,0.83288,0.108336,0.21,0.009175,0.005066
719,28/10/2024,RO APAC,1576,32742,21910,10832,5804,4188,156,452,1124,1300,1090,868,298,29,0.7715,0.83288,0.108336,0.21,0.009175,0.005066
720,04/11/2024,EU,3974,213912,73605,140307,6196,4335,1,1786,2188,2502,1840,1331,415,38,0.7738,0.8386,0.108577,0.2107,0.009225,0.005059
721,04/11/2024,Greater China,4821,4838,4285,553,787,584,7,1486,3335,4289,3845,3173,1453,194,0.7738,0.8386,0.108577,0.2107,0.009225,0.005059
722,04/11/2024,Middle East - GCC,9561,14551,12568,1983,4305,3700,374,2623,6938,8138,6659,4922,1533,358,0.7738,0.8386,0.108577,0.2107,0.009225,0.005059
723,04/11/2024,North America,1990,40920,39010,1910,14968,9198,242,856,1134,1355,985,673,173,27,0.7738,0.8386,0.108577,0.2107,0.009225,0.005059
724,04/11/2024,RO APAC,2120,31047,22484,8563,7054,5068,210,728,1392,1585,1335,1117,473,91,0.7738,0.8386,0.108577,0.2107,0.009225,0.005059
725,11/11/2024,EU,2646,204220,75927,128293,6162,4318,15,966,1680,1962,1529,1124,245,12,0.774,0.82965,0.107736,0.2107,0.009182,0.005071
726,11/11/2024,Greater China,3673,4954,4284,670,863,625,11,1162,2511,3356,3009,2435,1135,140,0.774,0.82965,0.107736,0.2107,0.009182,0.005071
727,11/11/2024,Middle East - GCC,8079,22872,20451,2421,5562,4436,402,1840,6239,7012,5702,4373,1597,363,0.774,0.82965,0.107736,0.2107,0.009182,0.005071
728,11/11/2024,North America,1827,55261,52905,2356,18576,11569,262,768,1059,1331,909,584,179,18,0.774,0.82965,0.107736,0.2107,0.009182,0.005071
729,11/11/2024,RO APAC,1597,32974,25355,7619,7594,5433,181,448,1149,1293,1118,851,378,100,0.774,0.82965,0.107736,0.2107,0.009182,0.005071
730,18/11/2024,EU,2742,208254,77910,130344,6864,4593,6,830,1912,2014,1593,1214,303,23,0.7925,0.83521,0.109621,0.2158,0.009347,0.005134
731,18/11/2024,Greater China,3810,5050,4326,724,829,591,10,1128,2682,3421,3047,2488,1137,155,0.7925,0.83521,0.109621,0.2158,0.009347,0.005134
732,18/11/2024,Middle East - GCC,7881,19398,17389,2009,4845,3962,398,1995,5886,6734,5533,4100,1415,276,0.7925,0.83521,0.109621,0.2158,0.009347,0.005134
733,18/11/2024,North America,1866,52310,50108,2202,18196,11749,266,815,1051,1315,1016,679,188,18,0.7925,0.83521,0.109621,0.2158,0.009347,0.005134
734,18/11/2024,RO APAC,1596,31118,23976,7142,7273,5196,205,470,1126,1321,1168,902,349,108,0.7925,0.83521,0.109621,0.2158,0.009347,0.005134
735,25/11/2024,EU,3157,205733,76866,128867,6593,4730,9,1115,2042,2326,1800,1361,291,14,0.7981,0.83132,0.110153,0.2173,0.009453,0.005156
736,25/11/2024,Greater China,4720,5240,4540,700,806,587,8,1374,3346,4342,3969,3166,1385,220,0.7981,0.83132,0.110153,0.2173,0.009453,0.005156
737,25/11/2024,Middle East - GCC,8586,21842,20061,1781,5626,4605,465,2431,6155,7209,5873,4238,1473,287,0.7981,0.83132,0.110153,0.2173,0.009453,0.005156
738,25/11/2024,North America,2018,61795,59438,2357,19282,11620,245,841,1177,1496,1091,796,234,21,0.7981,0.83132,0.110153,0.2173,0.009453,0.005156
739,25/11/2024,RO APAC,1842,32822,24878,7944,7097,5106,235,533,1309,1538,1347,1075,381,71,0.7981,0.83132,0.110153,0.2173,0.009453,0.005156
740,02/12/2024,EU,4681,217650,85526,132124,7439,5354,12,2234,2447,2762,2114,1556,481,42,0.7853,0.83059,0.108368,0.2138,0.009324,0.005245
741,02/12/2024,Greater China,6169,4715,4007,708,734,531,7,2030,4139,5404,4784,3801,1672,197,0.7853,0.83059,0.108368,0.2138,0.009324,0.005245
742,02/12/2024,Middle East - GCC,12244,24098,21935,2163,6100,4723,493,3611,8633,9874,7741,5716,1848,363,0.7853,0.83059,0.108368,0.2138,0.009324,0.005245
743,02/12/2024,North America,3027,55311,53042,2269,17782,10889,248,1363,1664,1983,1467,1010,330,56,0.7853,0.83059,0.108368,0.2138,0.009324,0.005245
744,02/12/2024,RO APAC,2490,33379,25377,8002,6985,5058,214,808,1682,1931,1632,1309,526,173,0.7853,0.83059,0.108368,0.2138,0.009324,0.005245
745,09/12/2024,EU,3854,230881,83851,147030,7591,5376,4,1324,2530,2807,2193,1621,432,41,0.7847,0.82932,0.107925,0.2137,0.00926,0.005231
746,09/12/2024,Greater China,4337,5563,4640,923,894,605,23,1428,2909,3909,3559,2988,1254,129,0.7847,0.82932,0.107925,0.2137,0.00926,0.005231
747,09/12/2024,Middle East - GCC,10631,16471,14770,1701,4979,3969,379,2757,7874,8837,6897,4971,1656,433,0.7847,0.82932,0.107925,0.2137,0.00926,0.005231
748,09/12/2024,North America,2455,52931,51218,1713,19038,11930,280,988,1467,1751,1349,934,353,43,0.7847,0.82932,0.107925,0.2137,0.00926,0.005231
749,09/12/2024,RO APAC,1899,37024,28412,8612,7472,5261,256,603,1296,1535,1304,987,329,70,0.7847,0.82932,0.107925,0.2137,0.00926,0.005231
750,16/12/2024,EU,3765,216156,75918,140238,6371,4698,3,1348,2417,2831,2275,1618,407,42,0.7925,0.83223,0.108947,0.2158,0.009344,0.005159
751,16/12/2024,Greater China,4402,8345,7014,1331,1477,1016,18,1499,2903,3949,3508,2783,1255,146,0.7925,0.83223,0.108947,0.2158,0.009344,0.005159
752,16/12/2024,Middle East - GCC,9125,21539,19443,2096,6312,4681,520,2213,6912,7933,6655,4943,1646,412,0.7925,0.83223,0.108947,0.2158,0.009344,0.005159
753,16/12/2024,North America,2594,58361,56120,2241,17444,10103,242,992,1602,1899,1490,1006,252,47,0.7925,0.83223,0.108947,0.2158,0.009344,0.005159
754,16/12/2024,RO APAC,2093,43984,34004,9980,8917,6181,247,557,1536,1683,1428,1111,509,114,0.7925,0.83223,0.108947,0.2158,0.009344,0.005159
755,23/12/2024,EU,3298,250975,86571,164404,7150,4810,3,1229,2069,2406,1891,1411,433,57,0.7955,0.8297,0.108797,0.2166,0.009373,0.005086
756,23/12/2024,Greater China,4720,11085,9629,1456,1702,1148,26,1349,3371,4119,3625,2917,1256,143,0.7955,0.8297,0.108797,0.2166,0.009373,0.005086
757,23/12/2024,Middle East - GCC,12212,30188,27735,2453,7319,5058,444,2651,9561,10603,8759,6810,2521,633,0.7955,0.8297,0.108797,0.2166,0.009373,0.005086
758,23/12/2024,North America,2917,79573,75608,3965,25153,13799,354,1013,1904,2205,1671,1186,339,78,0.7955,0.8297,0.108797,0.2166,0.009373,0.005086
759,23/12/2024,RO APAC,2715,57163,44521,12642,11685,7794,357,812,1903,2143,1758,1310,433,122,0.7955,0.8297,0.108797,0.2166,0.009373,0.005086
760,30/12/2024,EU,2730,201740,73018,128722,5222,2820,-3,1094,1636,1835,1462,988,217,16,0.7951,0.82901,0.108981,0.2165,0.00931,0.005036
761,30/12/2024,Greater China,5029,4792,4029,763,596,452,8,1584,3445,4275,3698,2733,1022,106,0.7951,0.82901,0.108981,0.2165,0.00931,0.005036
762,30/12/2024,Middle East - GCC,14068,19425,17892,1533,4401,3525,260,3167,10901,11923,9555,7137,2212,518,0.7951,0.82901,0.108981,0.2165,0.00931,0.005036
763,30/12/2024,North America,2606,55625,53038,2587,16637,9598,182,1059,1547,1800,1285,905,235,34,0.7951,0.82901,0.108981,0.2165,0.00931,0.005036
764,30/12/2024,RO APAC,2825,32864,24278,8586,6344,4172,160,1000,1825,2134,1688,1152,421,90,0.7951,0.82901,0.108981,0.2165,0.00931,0.005036
765,06/01/2025,EU,3278,230641,49699,180942,2884,1973,5,1602,1676,1870,1381,942,199,23,0.8049,0.82967,0.109954,0.2192,0.009395,0.005118
766,06/01/2025,Greater China,5798,5710,4711,999,751,594,14,2031,3767,4737,4134,3195,1425,210,0.8049,0.82967,0.109954,0.2192,0.009395,0.005118
767,06/01/2025,Middle East - GCC,17733,13974,12477,1497,3461,2985,257,4889,12844,14356,11422,8241,2770,722,0.8049,0.82967,0.109954,0.2192,0.009395,0.005118
768,06/01/2025,North America,2902,29461,27115,2346,7399,4316,86,1446,1456,1718,1158,710,184,23,0.8049,0.82967,0.109954,0.2192,0.009395,0.005118
769,06/01/2025,RO APAC,3513,30196,17825,12371,3691,2797,136,1348,2165,2566,2015,1463,529,116,0.8049,0.82967,0.109954,0.2192,0.009395,0.005118
770,13/01/2025,EU,2206,182783,51607,131176,3674,2645,3,714,1492,1655,1260,1009,253,37,0.8192,0.83898,0.111702,0.2231,0.009528,0.005194
771,13/01/2025,Greater China,4337,6563,5339,1224,961,717,-2,1471,2866,3697,3317,2568,1081,164,0.8192,0.83898,0.111702,0.2231,0.009528,0.005194
772,13/01/2025,Middle East - GCC,10333,12196,10834,1362,3212,2594,259,2526,7807,8725,7089,5241,1853,442,0.8192,0.83898,0.111702,0.2231,0.009528,0.005194
773,13/01/2025,North America,1834,41494,39201,2293,12227,7461,230,773,1061,1272,964,634,180,17,0.8192,0.83898,0.111702,0.2231,0.009528,0.005194
774,13/01/2025,RO APAC,2033,31073,21449,9624,5465,4043,164,610,1423,1591,1316,984,358,65,0.8192,0.83898,0.111702,0.2231,0.009528,0.005194
775,20/01/2025,EU,2205,165391,57150,108241,4622,3393,11,750,1455,1686,1285,985,240,22,0.8218,0.84422,0.112178,0.2238,0.009488,0.005258
776,20/01/2025,Greater China,3836,10033,8040,1993,1558,1013,24,1375,2461,3370,2957,2339,966,103,0.8218,0.84422,0.112178,0.2238,0.009488,0.005258
777,20/01/2025,Middle East - GCC,6736,15723,14383,1340,3776,3161,313,1582,5154,5907,4906,3785,1396,435,0.8218,0.84422,0.112178,0.2238,0.009488,0.005258
778,20/01/2025,North America,1451,46989,44876,2113,13293,8159,227,526,925,1049,772,566,157,29,0.8218,0.84422,0.112178,0.2238,0.009488,0.005258
779,20/01/2025,RO APAC,1485,31753,23305,8448,6300,4294,183,411,1074,1171,1009,808,264,64,0.8218,0.84422,0.112178,0.2238,0.009488,0.005258
780,27/01/2025,EU,2605,172495,58132,114363,4996,3521,8,941,1664,1828,1412,1075,272,23,0.8011,0.84064,0.110652,0.2181,0.009285,0.005135
781,27/01/2025,Greater China,4871,15435,12432,3003,2431,1718,20,1732,3139,4134,3646,2916,1391,174,0.8011,0.84064,0.110652,0.2181,0.009285,0.005135
782,27/01/2025,Middle East - GCC,8327,15242,13745,1497,3746,3049,327,2532,5795,6734,5371,3982,1307,314,0.8011,0.84064,0.110652,0.2181,0.009285,0.005135
783,27/01/2025,North America,1950,40142,38211,1931,12761,8366,259,828,1122,1417,1056,753,203,33,0.8011,0.84064,0.110652,0.2181,0.009285,0.005135
784,27/01/2025,RO APAC,1956,28868,20862,8006,5738,4065,147,760,1196,1462,1232,1024,355,138,0.8011,0.84064,0.110652,0.2181,0.009285,0.005135
785,03/02/2025,EU,2014,188992,61078,127914,4848,3480,6,673,1341,1538,1234,862,240,22,0.8067,0.83604,0.111199,0.2197,0.009301,0.005199
786,03/02/2025,Greater China,3622,10937,8934,2003,1657,1214,15,1324,2298,3141,2734,2127,951,106,0.8067,0.83604,0.111199,0.2197,0.009301,0.005199
787,03/02/2025,Middle East - GCC,7286,12648,11430,1218,3480,2855,328,1998,5288,6120,5051,3771,1344,337,0.8067,0.83604,0.111199,0.2197,0.009301,0.005199
788,03/02/2025,North America,1433,35960,34070,1890,12334,8062,227,603,830,1002,771,509,114,18,0.8067,0.83604,0.111199,0.2197,0.009301,0.005199
789,03/02/2025,RO APAC,1374,25422,17170,8252,5380,3865,142,407,967,1088,933,756,306,78,0.8067,0.83604,0.111199,0.2197,0.009301,0.005199
790,10/02/2025,EU,2147,203683,58839,144844,4833,3492,2,734,1413,1635,1327,907,274,20,0.8063,0.83279,0.110428,0.2195,0.009222,0.005325
791,10/02/2025,Greater China,3550,3713,3235,478,633,463,5,1224,2326,3214,2861,2273,1067,115,0.8063,0.83279,0.110428,0.2195,0.009222,0.005325
792,10/02/2025,Middle East - GCC,7416,12425,11209,1216,3698,3085,339,1693,5723,6543,5438,4112,1521,427,0.8063,0.83279,0.110428,0.2195,0.009222,0.005325
793,10/02/2025,North America,1372,34637,32997,1640,11862,7619,226,509,863,1058,863,589,148,17,0.8063,0.83279,0.110428,0.2195,0.009222,0.005325
794,10/02/2025,RO APAC,1125,27065,18523,8542,5384,3785,167,350,775,880,753,615,215,30,0.8063,0.83279,0.110428,0.2195,0.009222,0.005325
795,17/02/2025,EU,2118,213932,61318,152614,4715,3309,1,721,1397,1583,1219,953,252,14,0.7945,0.83361,0.109382,0.2163,0.009152,0.005216
796,17/02/2025,Greater China,3781,4553,3947,606,788,613,13,1288,2493,3377,3018,2403,1054,118,0.7945,0.83361,0.109382,0.2163,0.009152,0.005216
797,17/02/2025,Middle East - GCC,8397,13384,12217,1167,3711,3042,332,2043,6354,7358,6163,4752,1637,466,0.7945,0.83361,0.109382,0.2163,0.009152,0.005216
798,17/02/2025,North America,1683,51111,48930,2181,15402,9337,236,623,1060,1217,964,626,179,16,0.7945,0.83361,0.109382,0.2163,0.009152,0.005216
799,17/02/2025,RO APAC,1315,29886,20272,9614,5588,3949,185,406,909,1077,875,673,260,28,0.7945,0.83361,0.109382,0.2163,0.009152,0.005216
800,24/02/2025,EU,2031,199463,56447,143016,5124,3436,5,684,1347,1437,1140,798,253,10,0.7917,0.82789,0.10917,0.2156,0.009124,0.005303
801,24/02/2025,Greater China,3398,3463,3063,400,656,461,12,1059,2339,3055,2755,2244,1115,150,0.7917,0.82789,0.10917,0.2156,0.009124,0.005303
802,24/02/2025,Middle East - GCC,8494,14799,12151,2648,3986,3361,389,2279,6215,7263,5936,4594,1495,303,0.7917,0.82789,0.10917,0.2156,0.009124,0.005303
803,24/02/2025,North America,1414,40406,38667,1739,14281,9270,253,577,837,1047,783,524,158,6,0.7917,0.82789,0.10917,0.2156,0.009124,0.005303
804,24/02/2025,RO APAC,1318,26358,18052,8306,5678,4284,135,384,934,1129,930,760,337,81,0.7917,0.82789,0.10917,0.2156,0.009124,0.005303
805,03/03/2025,EU,2439,199827,69034,130793,5795,3967,9,754,1685,1905,1490,1138,340,52,0.7951,0.82494,0.109229,0.2165,0.009085,0.005279
806,03/03/2025,Greater China,3086,3335,2932,403,624,468,9,980,2106,2781,2579,2183,1078,134,0.7951,0.82494,0.109229,0.2165,0.009085,0.005279
807,03/03/2025,Middle East - GCC,5208,7525,6290,1235,1564,1221,155,1166,4042,4570,3740,2970,1060,257,0.7951,0.82494,0.109229,0.2165,0.009085,0.005279
808,03/03/2025,North America,1496,47654,45864,1790,14933,9348,226,606,890,1097,894,583,177,12,0.7951,0.82494,0.109229,0.2165,0.009085,0.005279
809,03/03/2025,RO APAC,1202,24826,17823,7003,5707,4201,166,392,810,951,829,662,241,27,0.7951,0.82494,0.109229,0.2165,0.009085,0.005279
810,10/03/2025,EU,2149,198121,64341,133780,5561,3822,1,704,1445,1658,1330,983,247,14,0.774,0.83826,0.10685,0.2107,0.008905,0.005228
811,10/03/2025,Greater China,3113,3908,3472,436,713,530,17,952,2161,2785,2500,2087,958,135,0.774,0.83826,0.10685,0.2107,0.008905,0.005228
812,10/03/2025,Middle East - GCC,2383,9432,8101,1331,1657,1214,100,500,1883,2196,1926,1556,661,183,0.774,0.83826,0.10685,0.2107,0.008905,0.005228
813,10/03/2025,North America,1411,65717,63012,2705,18932,11080,206,598,813,1061,845,562,198,35,0.774,0.83826,0.10685,0.2107,0.008905,0.005228
814,10/03/2025,RO APAC,1157,28956,21439,7517,6624,4794,178,394,763,904,728,597,215,37,0.774,0.83826,0.10685,0.2107,0.008905,0.005228
815,17/03/2025,EU,2142,197116,63436,133680,5424,3947,1,712,1430,1660,1327,946,278,33,0.7731,0.84119,0.106815,0.2105,0.008879,0.005201
816,17/03/2025,Greater China,3693,3813,3367,446,611,468,7,1038,2655,3365,3038,2556,1295,158,0.7731,0.84119,0.106815,0.2105,0.008879,0.005201
817,17/03/2025,Middle East - GCC,2285,8652,7450,1202,1715,1258,113,556,1729,2077,1810,1482,644,156,0.7731,0.84119,0.106815,0.2105,0.008879,0.005201
818,17/03/2025,North America,1627,64564,61911,2653,19091,10992,26,704,923,1211,944,703,202,52,0.7731,0.84119,0.106815,0.2105,0.008879,0.005201
819,17/03/2025,RO APAC,1367,30335,22481,7854,6751,4825,152,408,959,1107,972,786,323,98,0.7731,0.84119,0.106815,0.2105,0.008879,0.005201
820,24/03/2025,EU,2205,183698,53322,130376,5449,3752,8,718,1487,1652,1306,954,202,16,0.774,0.8375,0.106757,0.2108,0.009005,0.005185
821,24/03/2025,Greater China,3339,3872,3403,469,660,490,16,1021,2318,3014,2669,2196,1071,147,0.774,0.8375,0.106757,0.2108,0.009005,0.005185
822,24/03/2025,Middle East - GCC,2291,10559,8885,1674,2357,1562,151,517,1774,2118,1820,1474,723,140,0.774,0.8375,0.106757,0.2108,0.009005,0.005185
823,24/03/2025,North America,1582,58735,56818,1917,18475,10898,-59,674,908,1211,903,596,160,6,0.774,0.8375,0.106757,0.2108,0.009005,0.005185
824,24/03/2025,RO APAC,1501,29917,21781,8136,6380,4591,101,457,1044,1234,1051,814,281,72,0.774,0.8375,0.106757,0.2108,0.009005,0.005185
825,31/03/2025,EU,2273,181351,60008,121343,5392,3643,-4,676,1597,1777,1423,1108,338,26,0.7728,0.83671,0.106367,0.2104,0.009045,0.005157
826,31/03/2025,Greater China,3128,4980,4288,692,886,618,-8,995,2133,2783,2493,2037,963,152,0.7728,0.83671,0.106367,0.2104,0.009045,0.005157
827,31/03/2025,Middle East - GCC,4279,20734,18778,1956,4634,3564,326,988,3291,3834,3257,2449,994,228,0.7728,0.83671,0.106367,0.2104,0.009045,0.005157
828,31/03/2025,North America,1696,61867,60211,1656,18722,10847,-205,721,975,1274,1009,686,234,17,0.7728,0.83671,0.106367,0.2104,0.009045,0.005157
829,31/03/2025,RO APAC,1442,34293,24385,9908,6856,4694,-242,444,998,1200,1027,762,258,77,0.7728,0.83671,0.106367,0.2104,0.009045,0.005157
830,07/04/2025,EU,1959,194956,62955,132001,5281,3252,-24,632,1327,1419,1128,927,256,13,0.7759,0.85016,0.105691,0.2112,0.009021,0.005278
831,07/04/2025,Greater China,2782,7246,6163,1083,973,674,-44,833,1949,2424,2179,1782,821,91,0.7759,0.85016,0.105691,0.2112,0.009021,0.005278
832,07/04/2025,Middle East - GCC,9441,18826,16416,2410,4167,3245,320,2449,6992,7999,6538,4875,1692,432,0.7759,0.85016,0.105691,0.2112,0.009021,0.005278
833,07/04/2025,North America,1612,72834,69467,3367,19033,10470,-1106,732,880,1163,909,578,164,7,0.7759,0.85016,0.105691,0.2112,0.009021,0.005278
834,07/04/2025,RO APAC,1428,45135,30402,14733,7201,4368,-1033,488,940,1136,971,783,293,38,0.7759,0.85016,0.105691,0.2112,0.009021,0.005278
835,14/04/2025,EU,1808,200238,71184,129054,5900,3242,-307,593,1215,1310,1077,888,234,12,0.764,0.86835,0.104895,0.2081,0.008863,0.005325
836,14/04/2025,Greater China,2473,7319,6269,1050,501,179,-394,755,1718,2178,1993,1672,803,68,0.764,0.86835,0.104895,0.2081,0.008863,0.005325
837,14/04/2025,Middle East - GCC,7700,16464,14358,2106,2914,2184,43,1892,5808,6711,5530,3989,1506,338,0.764,0.86835,0.104895,0.2081,0.008863,0.005325
838,14/04/2025,North America,1583,83090,79524,3566,10482,2105,-9605,827,756,1041,745,456,87,9,0.764,0.86835,0.104895,0.2081,0.008863,0.005325
839,14/04/2025,RO APAC,1457,46592,30729,15863,5053,2317,-2301,537,920,1116,941,742,231,36,0.764,0.86835,0.104895,0.2081,0.008863,0.005325
840,21/04/2025,EU,1821,178709,62816,115893,4629,2184,-482,653,1168,1355,1075,824,278,19,0.7521,0.85708,0.103085,0.2048,0.008825,0.005291
841,21/04/2025,Greater China,2486,5246,4290,956,541,267,-277,717,1769,2220,1971,1588,784,63,0.7521,0.85708,0.103085,0.2048,0.008825,0.005291
842,21/04/2025,Middle East - GCC,5142,11112,9615,1497,1643,1337,31,1196,3946,4460,3747,2873,1153,219,0.7521,0.85708,0.103085,0.2048,0.008825,0.005291
843,21/04/2025,North America,1380,65665,63633,2032,9253,2219,-7187,682,698,915,703,458,104,16,0.7521,0.85708,0.103085,0.2048,0.008825,0.005291
844,21/04/2025,RO APAC,1359,28919,18141,10778,3750,2139,-1153,454,905,1111,848,657,227,21,0.7521,0.85708,0.103085,0.2048,0.008825,0.005291
845,28/04/2025,EU,2503,163175,55909,107266,3886,2571,-372,1154,1349,1563,1309,1012,336,16,0.7511,0.85357,0.103087,0.2045,0.008785,0.005228
846,28/04/2025,Greater China,3441,6461,4968,1493,795,421,-234,1075,2366,3056,2735,2279,1081,102,0.7511,0.85357,0.103087,0.2045,0.008785,0.005228
847,28/04/2025,Middle East - GCC,4859,11296,9414,1882,2615,2152,174,1228,3631,4173,3540,2781,1085,173,0.7511,0.85357,0.103087,0.2045,0.008785,0.005228
848,28/04/2025,North America,1798,67847,64922,2925,20003,10999,-1569,952,846,1023,770,526,108,20,0.7511,0.85357,0.103087,0.2045,0.008785,0.005228
849,28/04/2025,RO APAC,1634,33500,22644,10856,6557,4567,-677,589,1045,1197,1052,861,342,52,0.7511,0.85357,0.103087,0.2045,0.008785,0.005228
